,agency,first_char,font_freq_0,font_freq_1,font_freq_2,font_freq_3,font_name,font_size,font_size_0,font_size_1,font_size_2,font_size_3,font_size_4,font_size_5,font_size_6,font_size_7,font_size_8,font_size_9,includes_time,indent_bucket_0,indent_bucket_1,indent_bucket_2,indent_bucket_3,indent_bucket_4,indent_bucket_5,left_indent_0,left_indent_1,left_indent_10,left_indent_11,left_indent_12,left_indent_13,left_indent_14,left_indent_15,left_indent_16,left_indent_17,left_indent_18,left_indent_19,left_indent_2,left_indent_20,left_indent_21,left_indent_22,left_indent_23,left_indent_24,left_indent_25,left_indent_26,left_indent_27,left_indent_28,left_indent_29,left_indent_3,left_indent_30,left_indent_31,left_indent_32,left_indent_33,left_indent_34,left_indent_35,left_indent_36,left_indent_37,left_indent_38,left_indent_39,left_indent_4,left_indent_40,left_indent_41,left_indent_42,left_indent_43,left_indent_44,left_indent_45,left_indent_46,left_indent_47,left_indent_48,left_indent_5,left_indent_6,left_indent_7,left_indent_8,left_indent_9,left_inset,line_id,meeting_date,starts_with_enum_letter,starts_with_number,starts_with_roman_numeral,starts_with_subnumber,text,uppercase
0,gavilan_ccd, ,0,0,1,0,Arial-BoldMT,15.390,0,0,1,0,0,0,0,0,0,0,0,0,0,0,0,0,1,0,0,0,0,0,0,0,0,0,0,0,0,0,0,0,0,0,0,0,0,0,0,0,0,0,0,0,0,0,0,0,0,0,0,0,0,0,0,0,0,0,0,0,1,0,0,0,0,0,308.640,gavilan_ccd_03-08-2016_0,03-08-2016,0,0,0,0, ,0
1,gavilan_ccd,5,0,0,1,0,Arial-BoldMT,15.390,0,0,1,0,0,0,0,0,0,0,0,0,0,0,0,0,1,0,0,0,0,0,0,1,0,0,0,0,0,0,0,0,0,0,0,0,0,0,0,0,0,0,0,0,0,0,0,0,0,0,0,0,0,0,0,0,0,0,0,0,0,0,0,0,0,0,80.035,gavilan_ccd_03-08-2016_1,03-08-2016,0,1,0,0,"5055 Santa Teresa Blvd., Gilroy, CA 95020              www.gavilan.edu          (408) 848-4800 ",0
2,gavilan_ccd,S,0,0,1,0,Arial-BoldMT,15.390,0,0,1,0,0,0,0,0,0,0,0,0,0,0,0,0,1,0,0,0,0,0,0,0,0,0,0,0,0,0,0,0,0,0,0,0,0,0,0,0,0,0,0,0,0,0,0,0,1,0,0,0,0,0,0,0,0,0,0,0,0,0,0,0,0,0,160.792,gavilan_ccd_03-08-2016_2,03-08-2016,0,0,0,0,"Steven M. Kinsella, DBA, CPA, Superintendent/President ",0
3,gavilan_ccd, ,0,0,1,0,Arial-BoldMT,16.728,1,0,0,0,0,0,0,0,0,0,0,0,0,0,1,0,0,0,0,0,0,0,0,0,0,0,0,0,0,1,0,0,0,0,0,0,0,0,0,0,0,0,0,0,0,0,0,0,0,0,0,0,0,0,0,0,0,0,0,0,0,0,0,0,0,0,50.400,gavilan_ccd_03-08-2016_3,03-08-2016,0,0,0,0, ,0
4,gavilan_ccd,G,1,0,0,0,ArialMT,15.972,0,1,0,0,0,0,0,0,0,0,0,0,0,0,0,0,1,0,0,0,0,0,0,0,0,0,0,0,0,0,0,0,0,0,0,0,0,0,0,0,0,0,0,0,0,0,0,0,0,1,0,0,0,0,0,0,0,0,0,0,0,0,0,0,0,0,165.720,gavilan_ccd_03-08-2016_4,03-08-2016,0,0,0,0,GAVILAN JOINT COMMUNITY COLLEGE DISTRICT ,1
5,gavilan_ccd,R,1,0,0,0,ArialMT,15.972,0,1,0,0,0,0,0,0,0,0,0,0,0,0,0,0,1,0,0,0,0,0,0,0,0,0,0,0,0,0,0,0,0,0,0,0,0,0,0,0,0,0,0,0,0,0,0,0,0,0,0,0,0,1,0,0,0,0,0,0,0,0,0,0,0,0,182.280,gavilan_ccd_03-08-2016_5,03-08-2016,0,0,0,0,"REGULAR MEETING, BOARD OF TRUSTEES ",1
6,gavilan_ccd,T,1,0,0,0,ArialMT,14.694,0,0,0,1,0,0,0,0,0,0,0,0,0,0,0,0,1,0,0,0,0,0,0,0,0,0,0,0,0,0,0,0,0,0,0,0,0,0,0,0,0,0,0,0,0,0,0,0,0,0,0,0,0,0,0,0,1,0,0,0,0,0,0,0,0,0,249.360,gavilan_ccd_03-08-2016_6,03-08-2016,0,0,0,0,"Tuesday, March 8, 2016 ",0
7,gavilan_ccd,5,1,0,0,0,ArialMT,14.694,0,0,0,1,0,0,0,0,0,0,0,0,0,0,0,0,1,0,0,0,0,0,0,0,0,0,0,0,0,0,0,0,0,0,0,0,0,0,0,0,0,0,0,0,0,0,0,0,0,0,0,0,0,0,0,0,0,0,0,0,0,0,0,0,0,0,201.722,gavilan_ccd_03-08-2016_7,03-08-2016,0,1,0,0,"5055 Santa Teresa Blvd., Gilroy, CA  95020 ",0
8,gavilan_ccd,S,1,0,0,0,ArialMT,14.694,0,0,0,1,0,0,0,0,0,0,0,0,0,0,0,0,1,0,0,0,0,0,0,0,0,0,0,0,0,0,0,0,0,0,0,0,0,0,0,0,0,0,0,0,0,0,0,0,0,0,0,0,0,0,0,0,0,0,0,0,0,0,0,0,0,0,219.353,gavilan_ccd_03-08-2016_8,03-08-2016,0,0,0,0,"Student Center, North/South Lounge                 ",0
9,gavilan_ccd,C,1,0,0,0,ArialMT,14.694,0,0,0,1,0,0,0,0,0,0,1,0,0,0,0,0,1,0,0,0,0,0,0,0,0,0,0,0,0,0,0,0,0,0,0,0,0,0,0,0,0,0,0,0,0,0,0,0,0,0,0,0,0,0,0,0,0,0,0,0,0,0,0,0,0,0,157.430,gavilan_ccd_03-08-2016_9,03-08-2016,0,0,0,0,CLOSED SESSION – 6:00 p.m.  OPEN SESSION – 7:00 p.m. ,0
10,gavilan_ccd,R,0,0,1,0,Arial-BoldMT,16.728,1,0,0,0,0,0,0,0,0,0,0,0,0,0,0,0,1,0,0,0,0,0,0,0,0,0,0,0,0,0,0,0,0,0,0,0,0,0,0,0,0,0,0,0,0,0,0,0,0,0,0,0,0,0,0,0,0,0,0,0,0,0,0,0,0,0,255.360,gavilan_ccd_03-08-2016_10,03-08-2016,0,0,0,0,REVISED AGENDA ,1
11,gavilan_ccd,I,1,0,0,0,ArialMT,14.694,0,0,0,1,0,0,0,0,0,0,1,0,0,0,1,0,0,0,0,0,0,0,0,0,0,0,0,0,0,1,0,0,0,0,0,0,0,0,0,0,0,0,0,0,0,0,0,0,0,0,0,0,0,0,0,0,0,0,0,0,0,0,0,0,0,0,50.400,gavilan_ccd_03-08-2016_11,03-08-2016,1,0,1,0,I.  CALL TO ORDER 6:00 p.m. ,0
12,gavilan_ccd,1,1,0,0,0,ArialMT,14.694,0,0,0,1,0,0,0,0,0,0,0,0,0,0,0,0,1,0,0,0,1,0,0,0,0,0,0,0,0,0,0,0,0,0,0,0,0,0,0,0,0,0,0,0,0,0,0,0,0,0,0,0,0,0,0,0,0,0,0,0,0,0,0,0,0,0,68.400,gavilan_ccd_03-08-2016_12,03-08-2016,0,1,0,0,1.  Roll Call ,0
13,gavilan_ccd,2,1,0,0,0,ArialMT,14.694,0,0,0,1,0,0,0,0,0,0,0,0,0,0,0,0,1,0,0,0,1,0,0,0,0,0,0,0,0,0,0,0,0,0,0,0,0,0,0,0,0,0,0,0,0,0,0,0,0,0,0,0,0,0,0,0,0,0,0,0,0,0,0,0,0,0,68.400,gavilan_ccd_03-08-2016_13,03-08-2016,0,1,0,0,2.  Comments from the Public – This is a time for the public to address the Board. ,0
14,gavilan_ccd,3,1,0,0,0,ArialMT,14.694,0,0,0,1,0,0,0,0,0,0,1,0,0,0,0,0,1,0,0,0,1,0,0,0,0,0,0,0,0,0,0,0,0,0,0,0,0,0,0,0,0,0,0,0,0,0,0,0,0,0,0,0,0,0,0,0,0,0,0,0,0,0,0,0,0,0,68.400,gavilan_ccd_03-08-2016_14,03-08-2016,0,1,0,0,3.  Recess to Closed Session    (A maximum of 3 minutes will be allotted to each speaker) ,0
15,gavilan_ccd, ,1,0,0,0,ArialMT,14.694,0,0,0,1,0,0,0,0,0,0,0,0,1,0,0,0,0,1,0,0,0,0,0,0,0,0,0,0,0,0,0,0,0,0,0,0,0,0,0,0,0,0,0,0,0,0,0,0,0,0,0,0,0,0,0,0,0,0,0,0,0,0,0,0,0,0,50.394,gavilan_ccd_03-08-2016_15,03-08-2016,0,0,0,0, ,0
16,gavilan_ccd,C,1,0,0,0,ArialMT,14.694,0,0,0,1,0,0,0,0,0,0,1,0,0,0,0,0,1,0,0,0,1,0,0,0,0,0,0,0,0,0,0,0,0,0,0,0,0,0,0,0,0,0,0,0,0,0,0,0,0,0,0,0,0,0,0,0,0,0,0,0,0,0,0,0,0,0,68.400,gavilan_ccd_03-08-2016_16,03-08-2016,0,0,0,0,CLOSED SESSION 6:00 p.m. ,0
17,gavilan_ccd,N,1,0,0,0,ArialMT,14.694,0,0,0,1,0,0,0,0,0,0,0,0,0,0,0,0,1,0,0,0,1,0,0,0,0,0,0,0,0,0,0,0,0,0,0,0,0,0,0,0,0,0,0,0,0,0,0,0,0,0,0,0,0,0,0,0,0,0,0,0,0,0,0,0,0,0,68.400,gavilan_ccd_03-08-2016_17,03-08-2016,0,0,0,0,Notice is hereby given that a closed session of the Board will be held under the general provisions ,0
18,gavilan_ccd,l,1,0,0,0,ArialMT,14.694,0,0,0,1,0,0,0,0,0,0,0,0,0,0,0,0,1,0,0,0,1,0,0,0,0,0,0,0,0,0,0,0,0,0,0,0,0,0,0,0,0,0,0,0,0,0,0,0,0,0,0,0,0,0,0,0,0,0,0,0,0,0,0,0,0,0,68.400,gavilan_ccd_03-08-2016_18,03-08-2016,0,0,0,0,listed as follows: ,0
19,gavilan_ccd, ,1,0,0,0,ArialMT,14.694,0,0,0,1,0,0,0,0,0,0,0,0,0,0,0,0,1,0,0,0,1,0,0,0,0,0,0,0,0,0,0,0,0,0,0,0,0,0,0,0,0,0,0,0,0,0,0,0,0,0,0,0,0,0,0,0,0,0,0,0,0,0,0,0,0,0,68.400,gavilan_ccd_03-08-2016_19,03-08-2016,0,0,0,0, ,0
20,gavilan_ccd,P,1,0,0,0,ArialMT,14.694,0,0,0,1,0,0,0,0,0,0,0,0,0,0,0,0,1,0,0,0,1,0,0,0,0,0,0,0,0,0,0,0,0,0,0,0,0,0,0,0,0,0,0,0,0,0,0,0,0,0,0,0,0,0,0,0,0,0,0,0,0,0,0,0,0,0,68.400,gavilan_ccd_03-08-2016_20,03-08-2016,0,0,0,0,PUBLIC EMPLOYEE DISCIPLINE/DISMISSAL/RELEASE – Closed Session Pursuant to ,0
21,gavilan_ccd,G,1,0,0,0,ArialMT,14.694,0,0,0,1,0,0,0,0,0,0,0,0,0,0,0,0,1,0,0,0,0,0,0,0,0,0,0,0,0,0,0,0,0,0,0,1,0,0,0,0,0,0,0,0,0,0,0,0,0,0,0,0,0,0,0,0,0,0,0,0,0,0,0,0,0,0,86.395,gavilan_ccd_03-08-2016_21,03-08-2016,0,0,0,0,Government Code Section 54957 ,0
22,gavilan_ccd, ,1,0,0,0,ArialMT,14.694,0,0,0,1,0,0,0,0,0,0,0,0,0,0,0,0,1,0,0,0,1,0,0,0,0,0,0,0,0,0,0,0,0,0,0,0,0,0,0,0,0,0,0,0,0,0,0,0,0,0,0,0,0,0,0,0,0,0,0,0,0,0,0,0,0,0,68.400,gavilan_ccd_03-08-2016_22,03-08-2016,0,0,0,0, ,0
23,gavilan_ccd,C,1,0,0,0,ArialMT,14.694,0,0,0,1,0,0,0,0,0,0,0,0,0,0,0,0,1,0,0,0,1,0,0,0,0,0,0,0,0,0,0,0,0,0,0,0,0,0,0,0,0,0,0,0,0,0,0,0,0,0,0,0,0,0,0,0,0,0,0,0,0,0,0,0,0,0,68.400,gavilan_ccd_03-08-2016_23,03-08-2016,0,0,0,0,CONFERENCE WITH LABOR NEGOTIATORS – Closed Session Pursuant to Government Code ,0
24,gavilan_ccd,S,1,0,0,0,ArialMT,14.694,0,0,0,1,0,0,0,0,0,0,0,0,0,0,0,0,1,0,0,0,0,0,0,0,0,0,0,0,0,0,0,0,0,0,0,0,0,1,0,0,0,0,0,0,0,0,0,0,0,0,0,0,0,0,0,0,0,0,0,0,0,0,0,0,0,0,86.406,gavilan_ccd_03-08-2016_24,03-08-2016,0,0,0,0,Section 54957.6 ,0
25,gavilan_ccd, ,1,0,0,0,ArialMT,14.694,0,0,0,1,0,0,0,0,0,0,0,0,0,0,0,0,1,0,0,0,0,1,0,0,0,0,0,0,0,0,0,0,0,0,0,0,0,0,0,0,0,0,0,0,0,0,0,0,0,0,0,0,0,0,0,0,0,0,0,0,0,0,0,0,0,0,68.411,gavilan_ccd_03-08-2016_25,03-08-2016,0,0,0,0,  Agency Negotiator(s):  Dr. Steven Kinsella/Ron Hannon ,0
26,gavilan_ccd, ,1,0,0,0,ArialMT,14.694,0,0,0,1,0,0,0,0,0,0,0,0,0,0,0,0,1,0,0,0,1,0,0,0,0,0,0,0,0,0,0,0,0,0,0,0,0,0,0,0,0,0,0,0,0,0,0,0,0,0,0,0,0,0,0,0,0,0,0,0,0,0,0,0,0,0,68.400,gavilan_ccd_03-08-2016_26,03-08-2016,0,0,0,0,  Employee Organization:  GCFA ,0
27,gavilan_ccd, ,1,0,0,0,ArialMT,14.694,0,0,0,1,0,0,0,0,0,0,0,0,0,0,0,0,1,0,0,0,1,0,0,0,0,0,0,0,0,0,0,0,0,0,0,0,0,0,0,0,0,0,0,0,0,0,0,0,0,0,0,0,0,0,0,0,0,0,0,0,0,0,0,0,0,0,68.400,gavilan_ccd_03-08-2016_27,03-08-2016,0,0,0,0, ,0
28,gavilan_ccd,C,1,0,0,0,ArialMT,14.694,0,0,0,1,0,0,0,0,0,0,0,0,0,0,0,0,1,0,0,0,1,0,0,0,0,0,0,0,0,0,0,0,0,0,0,0,0,0,0,0,0,0,0,0,0,0,0,0,0,0,0,0,0,0,0,0,0,0,0,0,0,0,0,0,0,0,68.400,gavilan_ccd_03-08-2016_28,03-08-2016,0,0,0,0,CONFERENCE WITH LABOR NEGOTIATORS – Closed Session Pursuant to Government Code ,0
29,gavilan_ccd,S,1,0,0,0,ArialMT,14.694,0,0,0,1,0,0,0,0,0,0,0,0,0,0,0,0,1,0,0,0,0,0,0,0,0,0,0,0,0,0,0,0,0,0,0,0,0,1,0,0,0,0,0,0,0,0,0,0,0,0,0,0,0,0,0,0,0,0,0,0,0,0,0,0,0,0,86.406,gavilan_ccd_03-08-2016_29,03-08-2016,0,0,0,0,Section 54957.6 ,0
30,gavilan_ccd, ,1,0,0,0,ArialMT,14.694,0,0,0,1,0,0,0,0,0,0,1,0,0,0,0,0,1,0,0,0,0,1,0,0,0,0,0,0,0,0,0,0,0,0,0,0,0,0,0,0,0,0,0,0,0,0,0,0,0,0,0,0,0,0,0,0,0,0,0,0,0,0,0,0,0,0,68.411,gavilan_ccd_03-08-2016_30,03-08-2016,0,0,0,0,  Agency Negotiator(s):  Dr. Steven Kinsella/Eric Ramones ,0
31,gavilan_ccd, ,1,0,0,0,ArialMT,14.694,0,0,0,1,0,0,0,0,0,0,0,0,0,0,0,0,1,0,0,0,0,1,0,0,0,0,0,0,0,0,0,0,0,0,0,0,0,0,0,0,0,0,0,0,0,0,0,0,0,0,0,0,0,0,0,0,0,0,0,0,0,0,0,0,0,0,68.411,gavilan_ccd_03-08-2016_31,03-08-2016,0,0,0,0,  Employee Organization:  CSEA ,0
32,gavilan_ccd, ,1,0,0,0,ArialMT,14.694,0,0,0,1,0,0,0,0,0,0,0,0,0,0,0,0,1,0,0,0,0,1,0,0,0,0,0,0,0,0,0,0,0,0,0,0,0,0,0,0,0,0,0,0,0,0,0,0,0,0,0,0,0,0,0,0,0,0,0,0,0,0,0,0,0,0,68.411,gavilan_ccd_03-08-2016_32,03-08-2016,0,0,0,0, ,0
33,gavilan_ccd,C,1,0,0,0,ArialMT,14.694,0,0,0,1,0,0,0,0,0,0,0,0,0,0,0,0,1,0,0,0,0,1,0,0,0,0,0,0,0,0,0,0,0,0,0,0,0,0,0,0,0,0,0,0,0,0,0,0,0,0,0,0,0,0,0,0,0,0,0,0,0,0,0,0,0,0,68.411,gavilan_ccd_03-08-2016_33,03-08-2016,0,0,0,0,CONFERENCE WITH LABOR NEGOTIATORS – Closed Session Pursuant to Government Code ,0
34,gavilan_ccd,S,1,0,0,0,ArialMT,14.694,0,0,0,1,0,0,0,0,0,0,0,0,0,0,0,0,1,0,0,0,0,0,0,0,0,0,0,0,0,0,0,0,0,0,0,0,0,0,1,0,0,0,0,0,0,0,0,0,0,0,0,0,0,0,0,0,0,0,0,0,0,0,0,0,0,0,86.417,gavilan_ccd_03-08-2016_34,03-08-2016,0,0,0,0,Section 54957.6 ,0
35,gavilan_ccd, ,1,0,0,0,ArialMT,14.694,0,0,0,1,0,0,0,0,0,0,0,0,0,0,0,0,1,0,0,0,0,0,0,0,0,0,0,0,0,0,0,0,0,0,0,0,0,0,0,0,0,0,0,0,0,0,0,0,0,0,0,0,0,0,0,0,0,0,0,0,0,0,0,0,0,0,68.422,gavilan_ccd_03-08-2016_35,03-08-2016,0,0,0,0,  Agency Negotiator(s):  Dr. Steven Kinsella ,0
36,gavilan_ccd, ,1,0,0,0,ArialMT,14.694,0,0,0,1,0,0,0,0,0,0,0,0,0,0,0,0,1,0,0,0,0,0,0,0,0,0,0,0,0,0,0,0,0,0,0,0,0,0,0,0,0,0,0,0,0,0,0,0,0,0,0,0,0,0,0,0,0,0,0,0,0,0,0,0,0,0,68.422,gavilan_ccd_03-08-2016_36,03-08-2016,0,0,0,0,  Employee Organization:  Unrepresented ,0
37,gavilan_ccd, ,1,0,0,0,ArialMT,14.694,0,0,0,1,0,0,0,0,0,0,0,0,0,0,0,0,1,0,0,0,0,0,0,0,0,0,0,0,0,0,0,0,0,0,0,0,0,0,0,0,0,0,0,0,0,0,0,0,0,0,0,0,0,0,0,0,0,0,0,0,0,0,0,0,0,0,68.422,gavilan_ccd_03-08-2016_37,03-08-2016,0,0,0,0, ,0
38,gavilan_ccd, ,1,0,0,0,ArialMT,14.694,0,0,0,1,0,0,0,0,0,0,0,0,0,0,0,0,1,0,0,0,0,0,0,0,0,0,0,0,0,0,0,0,0,0,0,0,0,0,0,0,0,0,0,0,0,0,0,0,0,0,0,0,0,0,0,0,0,0,0,0,0,0,0,0,0,0,50.427,gavilan_ccd_03-08-2016_38,03-08-2016,0,0,0,0,  CONFER HONORARY DEGREE – Closed Session Pursuant to Education Code Section ,0
39,gavilan_ccd,7,1,0,0,0,ArialMT,14.694,0,0,0,1,0,0,0,0,0,0,0,0,0,0,0,0,1,0,0,0,0,0,0,0,0,0,0,0,0,0,0,0,0,0,0,0,0,0,0,0,0,0,0,0,0,0,0,0,0,0,0,0,0,0,0,0,0,0,0,0,0,0,0,0,0,0,86.428,gavilan_ccd_03-08-2016_39,03-08-2016,0,1,0,0,72122 ,0
40,gavilan_ccd, ,1,0,0,0,ArialMT,14.694,0,0,0,1,0,0,0,0,0,0,0,0,0,0,0,0,1,0,0,0,0,0,0,0,0,0,0,0,0,0,0,0,0,0,0,0,0,0,0,0,0,0,0,0,0,0,0,0,0,0,0,0,0,0,0,0,0,0,0,0,0,0,0,0,0,0,50.427,gavilan_ccd_03-08-2016_40,03-08-2016,0,0,0,0, ,0
41,gavilan_ccd,I,1,0,0,0,ArialMT,14.694,0,0,0,1,0,0,0,0,0,0,1,0,0,0,1,0,0,0,0,0,0,0,0,0,0,0,0,0,0,1,0,0,0,0,0,0,0,0,0,0,0,0,0,0,0,0,0,0,0,0,0,0,0,0,0,0,0,0,0,0,0,0,0,0,0,0,50.400,gavilan_ccd_03-08-2016_41,03-08-2016,0,0,1,0,II.   OPEN SESSION 7:00 p.m.     ,0
42,gavilan_ccd,1,1,0,0,0,ArialMT,14.694,0,0,0,1,0,0,0,0,0,0,0,0,0,0,0,0,1,0,0,0,1,0,0,0,0,0,0,0,0,0,0,0,0,0,0,0,0,0,0,0,0,0,0,0,0,0,0,0,0,0,0,0,0,0,0,0,0,0,0,0,0,0,0,0,0,0,68.400,gavilan_ccd_03-08-2016_42,03-08-2016,0,1,0,0,1.  Call to Order ,0
43,gavilan_ccd, ,1,0,0,0,ArialMT,14.694,0,0,0,1,0,0,0,0,0,0,0,0,1,0,0,0,0,1,0,0,0,0,0,0,0,0,0,0,0,0,0,0,0,0,0,0,0,0,0,0,0,0,0,0,0,0,0,0,0,0,0,0,0,0,0,0,0,0,0,0,0,0,0,0,0,0,50.394,gavilan_ccd_03-08-2016_43,03-08-2016,0,0,0,0,   ,0
44,gavilan_ccd, ,1,0,0,0,ArialMT,14.694,0,0,0,1,0,0,0,0,0,0,0,0,0,0,0,0,1,0,0,0,0,0,0,0,0,0,0,0,0,0,0,0,0,0,0,0,1,0,0,0,0,0,0,0,0,0,0,0,0,0,0,0,0,0,0,0,0,0,0,0,0,0,0,0,0,0,86.400,gavilan_ccd_03-08-2016_0,03-08-2016,0,0,0,0, ,0
45,gavilan_ccd,2,1,0,0,0,ArialMT,14.694,0,0,0,1,0,0,0,0,0,0,0,0,0,0,0,0,1,0,0,0,0,0,0,0,0,0,0,0,0,0,0,0,0,0,0,0,0,0,0,0,0,0,0,0,0,0,0,0,0,0,0,0,0,0,0,0,0,0,0,0,0,0,0,0,0,0,68.405,gavilan_ccd_03-08-2016_1,03-08-2016,0,1,0,0,2.  Roll Call ,0
46,gavilan_ccd,3,1,0,0,0,ArialMT,14.694,0,0,0,1,0,0,0,0,0,0,0,0,0,0,0,0,1,0,0,0,0,0,0,0,0,0,0,0,0,0,0,0,0,0,0,0,0,0,0,0,0,0,0,0,0,0,0,0,0,0,0,0,0,0,0,0,0,0,0,0,0,0,0,0,0,0,68.405,gavilan_ccd_03-08-2016_2,03-08-2016,0,1,0,0,3.  Pledge of Allegiance ,0
47,gavilan_ccd,4,1,0,0,0,ArialMT,14.694,0,0,0,1,0,0,0,0,0,0,0,0,0,0,0,0,1,0,0,0,0,0,0,0,0,0,0,0,0,0,0,0,0,0,0,0,0,0,0,0,0,0,0,0,0,0,0,0,0,0,0,0,0,0,0,0,0,0,0,0,0,0,0,0,0,0,68.405,gavilan_ccd_03-08-2016_3,03-08-2016,0,1,0,0,4.  Report of Any Action Taken in Closed Session ,0
48,gavilan_ccd,5,1,0,0,0,ArialMT,14.694,0,0,0,1,0,0,0,0,0,0,0,0,0,0,0,0,1,0,0,0,0,0,0,0,0,0,0,0,0,0,0,0,0,0,0,0,0,0,0,0,0,0,0,0,0,0,0,0,0,0,0,0,0,0,0,0,0,0,0,0,0,0,0,0,0,0,68.405,gavilan_ccd_03-08-2016_4,03-08-2016,0,1,0,0,5.  Approval of Agenda ,0
49,gavilan_ccd,6,1,0,0,0,ArialMT,14.694,0,0,0,1,0,0,0,0,0,0,0,0,0,0,0,0,1,0,0,0,0,0,0,0,0,0,0,0,0,0,0,0,0,0,0,0,0,0,0,0,0,0,0,0,0,0,0,0,0,0,0,0,0,0,0,0,0,0,0,0,0,0,0,0,0,0,68.405,gavilan_ccd_03-08-2016_5,03-08-2016,0,1,0,0,6.  Consent Agenda ,0
50,gavilan_ccd,(,1,0,0,0,ArialMT,14.694,0,0,0,1,0,0,0,0,0,0,1,0,0,0,0,0,1,0,0,0,0,0,0,0,0,0,0,0,0,0,0,0,0,0,0,0,1,0,0,0,0,0,0,0,0,0,0,0,0,0,0,0,0,0,0,0,0,0,0,0,0,0,0,0,0,0,86.400,gavilan_ccd_03-08-2016_6,03-08-2016,1,0,0,0,"(a) Regular Board Meeting Minutes, February 9, 2016 and Board Facilities Development and ",0
51,gavilan_ccd,U,1,0,0,0,ArialMT,14.694,0,0,0,1,0,0,0,0,0,0,0,0,0,0,0,0,1,0,0,0,0,0,0,0,0,0,0,0,0,0,0,0,0,0,0,0,0,0,0,0,0,0,0,0,0,0,0,0,0,0,0,0,0,0,0,0,0,0,0,0,0,0,0,0,0,0,104.406,gavilan_ccd_03-08-2016_7,03-08-2016,0,0,0,0,"Utilization Committee Minutes, February 9, 2016 ",0
52,gavilan_ccd,(,1,0,0,0,ArialMT,14.694,0,0,0,1,0,0,0,0,0,0,0,0,0,0,0,0,1,0,0,0,0,0,0,0,0,0,0,0,0,0,0,0,0,0,0,0,1,0,0,0,0,0,0,0,0,0,0,0,0,0,0,0,0,0,0,0,0,0,0,0,0,0,0,0,0,0,86.400,gavilan_ccd_03-08-2016_8,03-08-2016,1,0,0,0,(b) Personnel Actions ,0
53,gavilan_ccd,(,1,0,0,0,ArialMT,14.694,0,0,0,1,0,0,0,0,0,0,0,0,0,0,0,0,1,0,0,0,0,0,0,0,0,0,0,0,0,0,0,0,0,0,0,0,1,0,0,0,0,0,0,0,0,0,0,0,0,0,0,0,0,0,0,0,0,0,0,0,0,0,0,0,0,0,86.400,gavilan_ccd_03-08-2016_9,03-08-2016,1,0,0,0,(c)  Warrants and electronic Transfers Drawn on District Funds ,0
54,gavilan_ccd,(,1,0,0,0,ArialMT,14.694,0,0,0,1,0,0,0,0,0,0,0,0,0,0,0,0,1,0,0,0,0,0,0,0,0,0,0,0,0,0,0,0,0,0,0,0,1,0,0,0,0,0,0,0,0,0,0,0,0,0,0,0,0,0,0,0,0,0,0,0,0,0,0,0,0,0,86.400,gavilan_ccd_03-08-2016_10,03-08-2016,1,0,0,0,(d) Payroll Warrants drawn on District Funds ,0
55,gavilan_ccd,(,1,0,0,0,ArialMT,14.694,0,0,0,1,0,0,0,0,0,0,0,0,0,0,0,0,1,0,0,0,0,0,0,0,0,0,0,0,0,0,0,0,0,0,0,0,0,0,0,0,0,0,0,0,0,0,0,0,0,0,0,0,0,0,0,0,0,0,0,0,0,0,0,0,0,0,86.389,gavilan_ccd_03-08-2016_11,03-08-2016,1,0,0,0,(e) Ratification of Agreements  ,0
56,gavilan_ccd,(,1,0,0,0,ArialMT,14.694,0,0,0,1,0,0,0,0,0,0,0,0,0,0,0,0,1,0,0,0,0,0,0,0,0,0,0,0,0,0,0,0,0,0,0,0,0,0,0,0,0,0,0,0,0,0,0,0,0,0,0,0,0,0,0,0,0,0,0,0,0,0,0,0,0,0,86.378,gavilan_ccd_03-08-2016_12,03-08-2016,1,0,0,0,(f)  Monthly Financial Report ,0
57,gavilan_ccd,(,1,0,0,0,ArialMT,14.694,0,0,0,1,0,0,0,0,0,0,0,0,0,0,0,0,1,0,0,0,0,0,0,0,0,0,0,0,0,0,0,0,0,0,0,0,0,0,0,0,0,0,0,0,0,0,0,0,0,0,0,0,0,0,0,0,0,0,0,0,0,0,0,0,0,0,86.378,gavilan_ccd_03-08-2016_13,03-08-2016,1,0,0,0,(g) Budget Adjustments ,0
58,gavilan_ccd,(,1,0,0,0,ArialMT,14.694,0,0,0,1,0,0,0,0,0,0,0,0,0,0,0,0,1,0,0,0,0,0,0,0,0,0,0,0,0,0,0,0,0,0,0,0,0,0,0,0,0,0,0,0,0,0,0,0,0,0,0,0,0,0,0,0,0,0,0,0,0,0,0,0,0,0,86.378,gavilan_ccd_03-08-2016_14,03-08-2016,1,0,0,0,"(h) Santa Clara County Treasury Investment Portfolio Status as of December 31, 2015 ",0
59,gavilan_ccd, ,1,0,0,0,ArialMT,14.694,0,0,0,1,0,0,0,0,0,0,0,1,0,0,0,0,0,0,0,0,0,0,0,0,0,0,0,0,0,0,0,0,0,0,0,0,0,0,0,0,0,0,0,0,0,0,0,0,0,0,0,0,0,0,0,0,0,0,0,0,0,0,0,0,0,0,50.376,gavilan_ccd_03-08-2016_15,03-08-2016,0,0,0,0,  7.  Comments from the Public - This is a time for the public to address the Board. ,0
60,gavilan_ccd, ,1,0,0,0,ArialMT,14.694,0,0,0,1,0,0,0,0,0,0,1,1,0,0,0,0,0,0,0,0,0,0,0,0,0,0,0,0,0,0,0,0,0,0,0,0,0,0,0,0,0,0,0,0,0,0,0,0,0,0,0,0,0,0,0,0,0,0,0,0,0,0,0,0,0,0,50.376,gavilan_ccd_03-08-2016_16,03-08-2016,0,0,0,0,      8.  Officers' Reports  (A maximum of 5 minutes will be allotted to each speaker) ,0
61,gavilan_ccd,(,1,0,0,0,ArialMT,14.694,0,0,0,1,0,0,0,0,0,0,0,0,0,0,0,0,1,0,0,0,0,0,0,0,0,0,0,0,0,0,0,0,0,0,0,0,0,0,0,0,0,0,0,0,0,0,0,0,0,0,0,0,0,0,0,0,0,0,0,0,0,0,0,0,0,0,86.378,gavilan_ccd_03-08-2016_17,03-08-2016,1,0,0,0,(a) Vice Presidents ,0
62,gavilan_ccd,(,1,0,0,0,ArialMT,14.694,0,0,0,1,0,0,0,0,0,0,0,0,0,0,0,0,1,0,0,0,0,0,0,0,0,0,0,0,0,0,0,0,0,0,0,0,0,0,0,0,0,0,0,0,0,0,0,0,0,0,0,0,0,0,0,0,0,0,0,0,0,0,0,0,0,0,86.378,gavilan_ccd_03-08-2016_18,03-08-2016,1,0,0,0,(b) College President ,0
63,gavilan_ccd,(,1,0,0,0,ArialMT,14.694,0,0,0,1,0,0,0,0,0,0,0,0,0,0,0,0,1,0,0,0,0,0,0,0,0,0,0,0,0,0,0,0,0,0,0,0,0,0,0,0,0,0,0,0,0,0,0,0,0,0,0,0,0,0,0,0,0,0,0,0,0,0,0,0,0,0,86.378,gavilan_ccd_03-08-2016_19,03-08-2016,1,0,0,0,(c)  Academic Senate ,0
64,gavilan_ccd,(,1,0,0,0,ArialMT,14.694,0,0,0,1,0,0,0,0,0,0,0,0,0,0,0,0,1,0,0,0,0,0,0,0,0,0,0,0,0,0,0,0,0,0,0,0,0,0,0,0,0,0,0,0,0,0,0,0,0,0,0,0,0,0,0,0,0,0,0,0,0,0,0,0,0,0,86.367,gavilan_ccd_03-08-2016_20,03-08-2016,1,0,0,0,(d) Professional Support Staff ,0
65,gavilan_ccd,(,1,0,0,0,ArialMT,14.694,0,0,0,1,0,0,0,0,0,0,0,0,0,0,0,0,1,0,0,0,0,0,0,0,0,0,0,0,0,0,0,0,0,0,0,0,0,0,0,0,0,0,0,0,0,0,0,0,0,0,0,0,0,0,0,0,0,0,0,0,0,0,0,0,0,0,86.356,gavilan_ccd_03-08-2016_21,03-08-2016,1,0,0,0,(e) Student Representative ,0
66,gavilan_ccd,(,1,0,0,0,ArialMT,14.694,0,0,0,1,0,0,0,0,0,0,0,0,0,0,0,0,1,0,0,0,0,0,0,0,0,0,0,0,0,0,0,0,0,0,0,0,0,0,0,0,0,0,0,0,0,0,0,0,0,0,0,0,0,0,0,0,0,0,0,0,0,0,0,0,0,0,86.356,gavilan_ccd_03-08-2016_22,03-08-2016,1,0,0,0,(f)  Board Member Comments ,0
67,gavilan_ccd,(,1,0,0,0,ArialMT,14.694,0,0,0,1,0,0,0,0,0,0,0,0,0,0,0,0,1,0,0,0,0,0,0,0,0,0,0,0,0,0,0,0,0,0,0,0,0,0,0,0,0,0,0,0,0,0,0,0,0,0,0,0,0,0,0,0,0,0,0,0,0,0,0,0,0,0,86.356,gavilan_ccd_03-08-2016_23,03-08-2016,1,0,0,0,(g) Board President ,0
68,gavilan_ccd,9,1,0,0,0,ArialMT,14.694,0,0,0,1,0,0,0,0,0,0,0,0,0,0,0,0,1,0,0,0,0,0,0,0,0,0,0,0,0,0,0,0,0,0,0,0,0,0,0,0,0,0,0,0,0,0,0,0,0,0,0,0,0,0,0,0,0,0,0,0,0,0,0,0,0,0,68.350,gavilan_ccd_03-08-2016_24,03-08-2016,0,1,0,0,9.  Board Committee Reports ,0
69,gavilan_ccd,1,1,0,0,0,ArialMT,14.694,0,0,0,1,0,0,0,0,0,0,0,0,0,0,0,0,1,0,0,0,0,0,0,0,0,0,0,0,0,0,0,0,0,0,0,0,0,0,0,0,0,0,0,0,0,0,0,0,0,0,0,0,0,0,0,0,0,0,0,0,0,0,0,0,0,0,68.350,gavilan_ccd_03-08-2016_25,03-08-2016,0,1,0,0,10. Information/Staff Reports ,0
70,gavilan_ccd,(,1,0,0,0,ArialMT,14.694,0,0,0,1,0,0,0,0,0,0,0,0,0,0,0,0,1,0,0,0,0,0,0,0,0,0,0,0,0,0,0,0,0,0,0,0,0,0,0,0,0,0,0,0,0,0,0,0,0,0,0,0,0,0,0,0,0,0,0,0,0,0,0,0,0,0,86.345,gavilan_ccd_03-08-2016_26,03-08-2016,1,0,0,0,(a) Recognition of the Employees of the Month ,0
71,gavilan_ccd,(,1,0,0,0,ArialMT,14.694,0,0,0,1,0,0,0,0,0,0,0,0,0,0,0,0,1,0,0,0,0,0,0,0,0,0,0,0,0,0,0,0,0,0,0,0,0,0,0,0,0,0,0,0,0,0,0,0,0,0,0,0,0,0,0,0,0,0,0,0,0,0,0,0,0,0,86.345,gavilan_ccd_03-08-2016_27,03-08-2016,1,0,0,0,(b) Gavilan College Student Equity 2014-2015 Year-end Expenditures Report  ,0
72,gavilan_ccd,(,1,0,0,0,ArialMT,14.694,0,0,0,1,0,0,0,0,0,0,0,0,0,0,0,0,1,0,0,0,0,0,0,0,0,0,0,0,0,0,0,0,0,0,0,0,0,0,0,0,0,0,0,0,0,0,0,0,0,0,0,0,0,0,0,0,0,0,0,0,0,0,0,0,0,0,86.345,gavilan_ccd_03-08-2016_28,03-08-2016,1,0,0,0,(c)  Update on the California Work Opportunity and Responsibility to Kids (CalWORKS) ,0
73,gavilan_ccd,(,1,0,0,0,ArialMT,14.694,0,0,0,1,0,0,0,0,0,0,1,0,0,0,0,0,1,0,0,0,0,0,0,0,0,0,0,0,0,0,0,0,0,0,0,0,0,0,0,0,0,0,0,0,0,0,0,0,0,0,0,0,0,0,0,0,0,0,0,0,0,0,0,0,0,0,86.345,gavilan_ccd_03-08-2016_29,03-08-2016,1,0,0,0,(d) Update on the Extended Opportunity Program and Services (EOPS) ,0
74,gavilan_ccd,(,1,0,0,0,ArialMT,14.694,0,0,0,1,0,0,0,0,0,0,1,0,0,0,0,0,1,0,0,0,0,0,0,0,0,0,0,0,0,0,0,0,0,0,0,0,0,0,0,0,0,0,0,0,0,0,0,0,0,0,0,0,0,0,0,0,0,0,0,0,0,0,0,0,0,0,86.345,gavilan_ccd_03-08-2016_30,03-08-2016,1,0,0,0,(e) San Benito County Education Center Site Development ,0
75,gavilan_ccd,(,1,0,0,0,ArialMT,14.694,0,0,0,1,0,0,0,0,0,0,0,0,0,0,0,0,1,0,0,0,0,0,0,0,0,0,0,0,0,0,0,0,0,0,0,0,0,0,0,0,0,0,0,0,0,0,0,0,0,0,0,0,0,0,0,0,0,0,0,0,0,0,0,0,0,0,86.345,gavilan_ccd_03-08-2016_31,03-08-2016,1,0,0,0,"(f)  Update on the timeline, committee formation and trustee participation in the presidential ",0
76,gavilan_ccd,s,1,0,0,0,ArialMT,14.694,0,0,0,1,0,0,0,0,0,0,0,0,0,0,0,0,1,0,0,0,0,0,0,0,0,0,0,0,0,0,0,0,0,0,0,0,0,0,0,0,0,0,0,0,0,0,0,0,0,0,0,0,0,0,0,0,0,0,0,0,0,0,0,0,0,0,104.340,gavilan_ccd_03-08-2016_32,03-08-2016,0,0,0,0,search process ,0
77,gavilan_ccd, ,1,0,0,0,ArialMT,14.694,0,0,0,1,0,0,0,0,0,0,0,0,0,0,0,0,1,0,0,0,0,0,0,0,0,0,0,0,0,0,0,0,0,0,0,0,0,0,0,0,0,0,0,0,0,0,0,0,0,0,0,0,0,0,0,0,0,0,0,0,0,0,0,0,0,0,86.345,gavilan_ccd_03-08-2016_33,03-08-2016,0,0,0,0, ,0
78,gavilan_ccd,I,1,0,0,0,ArialMT,14.694,0,0,0,1,0,0,0,0,0,0,0,0,0,0,1,0,0,0,0,0,0,0,0,0,0,0,0,0,0,1,0,0,0,0,0,0,0,0,0,0,0,0,0,0,0,0,0,0,0,0,0,0,0,0,0,0,0,0,0,0,0,0,0,0,0,0,50.400,gavilan_ccd_03-08-2016_34,03-08-2016,0,0,1,0,III.  ACTION ITEMS ,1
79,gavilan_ccd,1,1,0,0,0,ArialMT,14.694,0,0,0,1,0,0,0,0,0,0,0,0,0,0,0,0,1,0,0,0,1,0,0,0,0,0,0,0,0,0,0,0,0,0,0,0,0,0,0,0,0,0,0,0,0,0,0,0,0,0,0,0,0,0,0,0,0,0,0,0,0,0,0,0,0,0,68.400,gavilan_ccd_03-08-2016_35,03-08-2016,0,1,0,0,1.  Old Business ,0
80,gavilan_ccd,(,1,0,0,0,ArialMT,14.694,0,0,0,1,0,0,0,0,0,0,0,0,0,0,0,0,1,0,0,0,0,0,0,0,0,0,0,0,0,0,0,0,0,0,0,1,0,0,0,0,0,0,0,0,0,0,0,0,0,0,0,0,0,0,0,0,0,0,0,0,0,0,0,0,0,0,86.395,gavilan_ccd_03-08-2016_36,03-08-2016,1,0,0,0,(a) Sabbatical Leave Requests ,0
81,gavilan_ccd,(,1,0,0,0,ArialMT,14.694,0,0,0,1,0,0,0,0,0,0,0,0,0,0,0,0,1,0,0,0,0,0,0,0,0,0,0,0,0,0,0,0,0,0,1,0,0,0,0,0,0,0,0,0,0,0,0,0,0,0,0,0,0,0,0,0,0,0,0,0,0,0,0,0,0,0,86.384,gavilan_ccd_03-08-2016_37,03-08-2016,1,0,0,0,(b) Accreditation Midterm Report ,0
82,gavilan_ccd, ,1,0,0,0,ArialMT,14.694,0,0,0,1,0,0,0,0,0,0,0,0,0,0,0,0,1,0,0,0,0,0,0,0,0,0,0,0,0,0,0,0,0,0,0,0,0,0,0,0,0,0,0,0,0,0,0,0,0,0,0,0,0,0,0,0,0,0,0,0,0,0,0,0,0,0,104.379,gavilan_ccd_03-08-2016_38,03-08-2016,0,0,0,0, ,0
83,gavilan_ccd,2,1,0,0,0,ArialMT,14.694,0,0,0,1,0,0,0,0,0,0,0,0,0,0,0,0,1,0,0,0,0,0,0,0,0,0,0,0,0,0,0,0,0,0,0,0,0,0,0,0,0,0,0,0,0,0,0,0,0,0,0,0,0,0,0,0,0,0,0,0,0,0,0,0,0,0,68.378,gavilan_ccd_03-08-2016_39,03-08-2016,0,1,0,0,2.  New Business ,0
84,gavilan_ccd,(,1,0,0,0,ArialMT,14.694,0,0,0,1,0,0,0,0,0,0,0,0,0,0,0,0,1,0,0,0,0,0,0,0,0,0,0,0,0,0,0,0,0,1,0,0,0,0,0,0,0,0,0,0,0,0,0,0,0,0,0,0,0,0,0,0,0,0,0,0,0,0,0,0,0,0,86.373,gavilan_ccd_03-08-2016_40,03-08-2016,1,0,0,0,(a) Curriculum ,0
85,gavilan_ccd,(,1,0,0,0,ArialMT,14.694,0,0,0,1,0,0,0,0,0,0,0,0,0,0,0,0,1,0,0,0,0,0,0,0,0,0,0,0,0,0,0,0,1,0,0,0,0,0,0,0,0,0,0,0,0,0,0,0,0,0,0,0,0,0,0,0,0,0,0,0,0,0,0,0,0,0,86.362,gavilan_ccd_03-08-2016_41,03-08-2016,1,0,0,0,(b) Water Hydration Stations ,0
86,gavilan_ccd,(,1,0,0,0,ArialMT,14.694,0,0,0,1,0,0,0,0,0,0,0,0,0,0,0,0,1,0,0,0,0,0,0,0,0,0,0,0,0,0,0,1,0,0,0,0,0,0,0,0,0,0,0,0,0,0,0,0,0,0,0,0,0,0,0,0,0,0,0,0,0,0,0,0,0,0,86.351,gavilan_ccd_03-08-2016_42,03-08-2016,1,0,0,0,(c)  Agreement with GCFA ,0
87,gavilan_ccd,(,1,0,0,0,ArialMT,14.694,0,0,0,1,0,0,0,0,0,0,0,0,0,0,0,0,1,0,0,0,0,0,0,0,0,0,0,0,0,0,1,0,0,0,0,0,0,0,0,0,0,0,0,0,0,0,0,0,0,0,0,0,0,0,0,0,0,0,0,0,0,0,0,0,0,0,86.340,gavilan_ccd_03-08-2016_43,03-08-2016,1,0,0,0,(d) GCFA/District Contract Proposal (“Sunshine”) ,0
88,gavilan_ccd,(,1,0,0,0,ArialMT,14.694,0,0,0,1,0,0,0,0,0,0,0,0,0,0,0,0,1,0,0,0,0,0,0,0,0,0,0,0,0,0,1,0,0,0,0,0,0,0,0,0,0,0,0,0,0,0,0,0,0,0,0,0,0,0,0,0,0,0,0,0,0,0,0,0,0,0,86.340,gavilan_ccd_03-08-2016_44,03-08-2016,1,0,0,0,(e) Ratification of CSEA Tentative Agreement ,0
89,gavilan_ccd,(,1,0,0,0,ArialMT,14.694,0,0,0,1,0,0,0,0,0,0,0,0,0,0,0,0,1,0,0,0,0,0,0,0,0,0,0,0,1,0,0,0,0,0,0,0,0,0,0,0,0,0,0,0,0,0,0,0,0,0,0,0,0,0,0,0,0,0,0,0,0,0,0,0,0,0,86.329,gavilan_ccd_03-08-2016_45,03-08-2016,1,0,0,0,"(f)  Approval of an agreement with Live Oak Associates, Inc. to prepare a CEQA Categorical ",0
90,gavilan_ccd,E,1,0,0,0,ArialMT,14.694,0,0,0,1,0,0,0,0,0,0,0,0,0,0,0,0,1,0,0,0,0,0,0,0,0,0,0,0,0,0,0,0,0,0,0,0,0,0,0,0,0,0,0,0,0,0,0,0,0,0,0,0,0,0,0,0,0,0,0,0,0,0,0,0,0,0,104.324,gavilan_ccd_03-08-2016_46,03-08-2016,0,0,0,0,Exemption for Gavilan College Athletic Fields Renovations Project ,0
91,gavilan_ccd,(,1,0,0,0,ArialMT,14.694,0,0,0,1,0,0,0,0,0,0,0,0,0,0,0,0,1,0,0,0,0,0,0,0,0,0,0,0,0,0,0,0,0,0,0,0,0,0,0,0,0,0,0,0,0,0,0,0,0,0,0,0,0,0,0,0,0,0,0,0,0,0,0,0,0,0,86.318,gavilan_ccd_03-08-2016_47,03-08-2016,1,0,0,0,(g) Approval of an agreement with Consolidated Engineering Laboratories for the Coyote ,0
92,gavilan_ccd,V,1,0,0,0,ArialMT,14.694,0,0,0,1,0,0,0,0,0,0,0,0,0,0,0,0,1,0,0,0,0,0,0,0,0,0,0,0,0,0,0,0,0,0,0,0,0,0,0,0,0,0,0,0,0,0,0,0,0,0,0,0,0,0,0,0,0,0,0,0,0,0,0,0,0,0,104.313,gavilan_ccd_03-08-2016_48,03-08-2016,0,0,0,0,"Valley Educational Center, Increment #1 ",0
93,gavilan_ccd,(,1,0,0,0,ArialMT,14.694,0,0,0,1,0,0,0,0,0,0,0,0,0,0,0,0,1,0,0,0,0,0,0,0,0,0,0,0,0,0,0,0,0,0,0,0,0,0,0,0,0,0,0,0,0,0,0,0,0,0,0,0,0,0,0,0,0,0,0,0,0,0,0,0,0,0,86.318,gavilan_ccd_03-08-2016_49,03-08-2016,1,0,0,0,"(h) Approval of an agreement with Live Oak Associates, Inc. to prepare an Incidental Take ",0
94,gavilan_ccd,P,1,0,0,0,ArialMT,14.694,0,0,0,1,0,0,0,0,0,0,0,0,0,0,0,0,1,0,0,0,0,0,0,0,0,0,0,0,0,0,0,0,0,0,0,0,0,0,0,0,0,0,0,0,0,0,0,0,0,0,0,0,0,0,0,0,0,0,0,0,0,0,0,0,0,0,104.313,gavilan_ccd_03-08-2016_50,03-08-2016,0,0,0,0,Permit and related analyses required for the buildout of Coyote Valley Phase II ,0
95,gavilan_ccd,(,1,0,0,0,ArialMT,14.694,0,0,0,1,0,0,0,0,0,0,0,0,0,0,0,0,1,0,0,0,0,0,0,0,0,0,0,0,0,0,0,0,0,0,0,0,1,0,0,0,0,0,0,0,0,0,0,0,0,0,0,0,0,0,0,0,0,0,0,0,0,0,0,0,0,0,86.400,gavilan_ccd_03-08-2016_0,03-08-2016,1,0,0,0,(i)  Agreement with Cornerstone Earth Group for required geotechnical engineering ,0
96,gavilan_ccd,i,1,0,0,0,ArialMT,14.694,0,0,0,1,0,0,0,0,0,0,0,0,0,0,0,0,1,0,0,0,0,0,0,0,0,0,0,0,0,0,0,0,0,0,0,0,0,0,0,0,0,0,0,1,0,0,0,0,0,0,0,0,0,0,0,0,0,0,0,0,0,0,0,0,0,0,104.395,gavilan_ccd_03-08-2016_1,03-08-2016,0,0,0,0,investigation and testing services for the Gavilan College Student Center Seismic Upgrade ,0
97,gavilan_ccd,P,1,0,0,0,ArialMT,14.694,0,0,0,1,0,0,0,0,0,0,0,0,0,0,0,0,1,0,0,0,0,0,0,0,0,0,0,0,0,0,0,0,0,0,0,0,0,0,0,0,0,0,0,1,0,0,0,0,0,0,0,0,0,0,0,0,0,0,0,0,0,0,0,0,0,0,104.395,gavilan_ccd_03-08-2016_2,03-08-2016,0,0,0,0,Project ,0
98,gavilan_ccd,(,1,0,0,0,ArialMT,14.694,0,0,0,1,0,0,0,0,0,0,1,0,0,0,0,0,1,0,0,0,0,0,0,0,0,0,0,0,0,0,0,0,0,0,0,0,1,0,0,0,0,0,0,0,0,0,0,0,0,0,0,0,0,0,0,0,0,0,0,0,0,0,0,0,0,0,86.400,gavilan_ccd_03-08-2016_3,03-08-2016,1,0,0,0,(j)  IBI Group Architecture and Planning Project Assignment Amendments ,0
99,gavilan_ccd, ,1,0,0,0,ArialMT,14.694,0,0,0,1,0,0,0,0,0,0,0,0,0,0,0,0,1,0,0,0,0,0,0,0,0,0,0,0,0,0,0,0,0,0,0,0,0,0,0,0,0,0,0,1,0,0,0,0,0,0,0,0,0,0,0,0,0,0,0,0,0,0,0,0,0,0,104.395,gavilan_ccd_03-08-2016_4,03-08-2016,0,0,0,0, ,0
100,gavilan_ccd,I,1,0,0,0,ArialMT,14.694,0,0,0,1,0,0,0,0,0,0,0,0,0,0,1,0,0,0,0,0,0,0,0,0,0,0,0,0,0,1,0,0,0,0,0,0,0,0,0,0,0,0,0,0,0,0,0,0,0,0,0,0,0,0,0,0,0,0,0,0,0,0,0,0,0,0,50.400,gavilan_ccd_03-08-2016_5,03-08-2016,0,0,1,0,IV. CLOSING ITEMS ,1
101,gavilan_ccd,1,1,0,0,0,ArialMT,14.694,0,0,0,1,0,0,0,0,0,0,0,0,0,0,0,0,1,0,0,0,1,0,0,0,0,0,0,0,0,0,0,0,0,0,0,0,0,0,0,0,0,0,0,0,0,0,0,0,0,0,0,0,0,0,0,0,0,0,0,0,0,0,0,0,0,0,68.400,gavilan_ccd_03-08-2016_6,03-08-2016,0,1,0,0,"1.  The next regularly scheduled Board meeting is April 12, 2016 Gavilan College, Student Center, ",0
102,gavilan_ccd,N,1,0,0,0,ArialMT,14.694,0,0,0,1,0,0,0,0,0,0,0,0,0,0,0,0,1,0,0,0,0,0,0,0,0,0,0,0,0,0,0,0,0,0,0,1,0,0,0,0,0,0,0,0,0,0,0,0,0,0,0,0,0,0,0,0,0,0,0,0,0,0,0,0,0,0,86.395,gavilan_ccd_03-08-2016_7,03-08-2016,0,0,0,0,North/South Lounge. ,0
103,gavilan_ccd,2,1,0,0,0,ArialMT,14.694,0,0,0,1,0,0,0,0,0,0,0,0,0,0,0,0,1,0,0,0,1,0,0,0,0,0,0,0,0,0,0,0,0,0,0,0,0,0,0,0,0,0,0,0,0,0,0,0,0,0,0,0,0,0,0,0,0,0,0,0,0,0,0,0,0,0,68.400,gavilan_ccd_03-08-2016_8,03-08-2016,0,1,0,0,2.  Adjournment ,0
104,gavilan_ccd, ,1,0,0,0,ArialMT,14.694,0,0,0,1,0,0,0,0,0,0,0,0,0,0,0,0,1,0,0,0,0,0,0,0,0,0,0,0,0,0,0,0,0,0,0,1,0,0,0,0,0,0,0,0,0,0,0,0,0,0,0,0,0,0,0,0,0,0,0,0,0,0,0,0,0,0,86.395,gavilan_ccd_03-08-2016_9,03-08-2016,0,0,0,0, ,0
105,gavilan_ccd,*,1,0,0,0,ArialMT,13.257,0,0,0,0,1,0,0,0,0,0,0,0,0,0,1,0,0,0,0,0,0,0,0,0,0,0,0,0,0,1,0,0,0,0,0,0,0,0,0,0,0,0,0,0,0,0,0,0,0,0,0,0,0,0,0,0,0,0,0,0,0,0,0,0,0,0,50.400,gavilan_ccd_03-08-2016_10,03-08-2016,0,0,0,0,* Roll Call Vote ,0
106,gavilan_ccd, ,0,1,0,0,TimesNewRomanPSMT,11.826,0,0,0,0,0,0,1,0,0,0,0,0,0,0,1,0,0,0,0,0,0,0,0,0,0,0,0,0,0,1,0,0,0,0,0,0,0,0,0,0,0,0,0,0,0,0,0,0,0,0,0,0,0,0,0,0,0,0,0,0,0,0,0,0,0,0,50.400,gavilan_ccd_03-08-2016_11,03-08-2016,0,0,0,0, ,0
107,gavilan_ccd,G,0,1,0,0,TimesNewRomanPSMT,11.826,0,0,0,0,0,0,1,0,0,0,0,0,0,0,0,0,1,0,0,0,0,0,0,0,0,0,0,0,0,0,0,0,0,0,0,0,0,0,0,0,0,0,0,0,0,0,0,0,0,0,0,0,0,0,0,1,0,0,0,0,0,0,0,0,0,0,246.960,gavilan_ccd_03-08-2016_12,03-08-2016,0,0,0,0,GAVILAN COLLEGE MISSION ,1
108,gavilan_ccd, ,0,1,0,0,TimesNewRomanPSMT,6.623,0,0,0,0,0,0,0,0,0,1,0,0,0,0,0,0,1,0,0,0,0,0,0,0,0,0,0,0,0,0,0,0,0,0,0,0,0,0,0,0,0,0,0,0,0,0,0,0,0,0,0,0,0,0,0,0,0,0,0,0,1,0,0,0,0,0,308.640,gavilan_ccd_03-08-2016_13,03-08-2016,0,0,0,0, ,0
109,gavilan_ccd,G,0,1,0,0,TimesNewRomanPSMT,11.826,0,0,0,0,0,0,1,0,0,0,0,0,0,0,0,0,1,0,0,0,0,0,0,0,0,0,0,0,0,0,0,0,0,0,0,0,0,0,0,0,0,0,0,0,0,0,0,0,0,0,0,0,0,0,0,0,0,0,0,0,0,0,1,0,0,0,62.880,gavilan_ccd_03-08-2016_14,03-08-2016,0,0,0,0,Gavilan College cultivates learning and personal growth in students of all backgrounds and abilities through innovative practices in both ,0
110,gavilan_ccd,t,0,1,0,0,TimesNewRomanPSMT,11.826,0,0,0,0,0,0,1,0,0,0,1,0,0,0,0,0,1,0,0,0,0,0,0,0,0,0,0,0,0,0,0,0,0,0,0,0,0,0,0,0,0,0,0,0,0,0,0,0,0,0,0,0,0,0,0,0,0,0,0,0,0,1,0,0,0,0,61.080,gavilan_ccd_03-08-2016_15,03-08-2016,0,0,0,0,"traditional and emerging learning environments; transfer pathways, career and technical education, developmental education, and support ",0
111,gavilan_ccd,s,0,1,0,0,TimesNewRomanPSMT,11.826,0,0,0,0,0,0,1,0,0,0,1,0,0,0,0,0,1,0,0,0,0,0,0,0,0,0,0,0,0,0,0,0,0,0,0,0,0,0,0,0,0,0,0,0,0,0,0,0,0,0,0,0,0,0,0,0,0,0,0,0,0,0,0,0,0,0,173.643,gavilan_ccd_03-08-2016_16,03-08-2016,0,0,0,0,services prepare students for success in a dynamic and multicultural world. ,0
112,gavilan_ccd, ,1,0,0,0,ArialMT,10.701,0,0,0,0,0,0,0,1,0,0,0,0,0,0,0,0,1,0,0,0,0,0,0,0,0,0,0,0,0,0,0,0,0,0,0,0,1,0,0,0,0,0,0,0,0,0,0,0,0,0,0,0,0,0,0,0,0,0,0,0,0,0,0,0,0,0,86.400,gavilan_ccd_03-08-2016_17,03-08-2016,0,0,0,0, ,0
113,gavilan_ccd,P,1,0,0,0,ArialMT,10.701,0,0,0,0,0,0,0,1,0,0,0,0,0,1,0,0,0,0,1,0,0,0,0,0,0,0,0,0,0,0,0,0,0,0,0,0,0,0,0,0,0,0,0,0,0,0,0,0,0,0,0,0,0,0,0,0,0,0,0,0,0,0,0,0,0,0,50.397,gavilan_ccd_03-08-2016_18,03-08-2016,0,0,0,0,PUBLIC COMMENTS – Individuals wishing to address the Board on a non-agenda item may do so during the Comments from the Public.  ,0
114,gavilan_ccd,H,1,0,0,0,ArialMT,10.701,0,0,0,0,0,0,0,1,0,0,0,0,0,1,0,0,0,0,1,0,0,0,0,0,0,0,0,0,0,0,0,0,0,0,0,0,0,0,0,0,0,0,0,0,0,0,0,0,0,0,0,0,0,0,0,0,0,0,0,0,0,0,0,0,0,0,50.397,gavilan_ccd_03-08-2016_19,03-08-2016,0,0,0,0,"However, no action may be taken on an item, which is not on the agenda.  The public is welcomed to address the Board on particular agenda ",0
115,gavilan_ccd,i,1,0,0,0,ArialMT,10.701,0,0,0,0,0,0,0,1,0,0,0,0,0,1,0,0,0,0,1,0,0,0,0,0,0,0,0,0,0,0,0,0,0,0,0,0,0,0,0,0,0,0,0,0,0,0,0,0,0,0,0,0,0,0,0,0,0,0,0,0,0,0,0,0,0,0,50.397,gavilan_ccd_03-08-2016_20,03-08-2016,0,0,0,0,items and may do so at the time it is presented.  Guidelines for Comments from the Public will be as follows: ,0
116,gavilan_ccd, ,1,0,0,0,ArialMT,6.708,0,0,0,0,0,0,0,0,1,0,0,0,0,0,1,0,0,0,0,0,0,0,0,0,0,0,0,0,0,1,0,0,0,0,0,0,0,0,0,0,0,0,0,0,0,0,0,0,0,0,0,0,0,0,0,0,0,0,0,0,0,0,0,0,0,0,50.400,gavilan_ccd_03-08-2016_21,03-08-2016,0,0,0,0, ,0
117,gavilan_ccd,A,1,0,0,0,ArialMT,10.701,0,0,0,0,0,0,0,1,0,0,1,0,0,0,0,0,1,0,0,0,0,0,1,0,0,0,0,0,0,0,0,0,0,0,0,0,0,0,0,0,0,0,0,0,0,0,0,0,0,0,0,0,0,0,0,0,0,0,0,0,0,0,0,0,0,0,77.400,gavilan_ccd_03-08-2016_22,03-08-2016,1,0,0,0,A maximum of 3 minutes will be allotted to each speaker with a maximum of 20 minutes to a subject area. ,0
118,gavilan_ccd,N,1,0,0,0,ArialMT,10.701,0,0,0,0,0,0,0,1,0,0,0,0,0,0,0,0,1,0,0,0,0,0,1,0,0,0,0,0,0,0,0,0,0,0,0,0,0,0,0,0,0,0,0,0,0,0,0,0,0,0,0,0,0,0,0,0,0,0,0,0,0,0,0,0,0,0,77.400,gavilan_ccd_03-08-2016_23,03-08-2016,0,0,0,0,No disruptive conduct will be permitted at any Gavilan College Board of Trustees meeting. ,0
119,gavilan_ccd, ,1,0,0,0,ArialMT,10.701,0,0,0,0,0,0,0,1,0,0,0,0,0,0,0,0,1,0,0,0,0,0,1,0,0,0,0,0,0,0,0,0,0,0,0,0,0,0,0,0,0,0,0,0,0,0,0,0,0,0,0,0,0,0,0,0,0,0,0,0,0,0,0,0,0,0,77.400,gavilan_ccd_03-08-2016_24,03-08-2016,0,0,0,0, ,0
120,gavilan_ccd,A,1,0,0,0,ArialMT,10.701,0,0,0,0,0,0,0,1,0,0,1,0,0,0,0,1,0,0,0,0,0,0,0,0,0,0,0,0,0,0,0,0,0,0,0,0,0,0,0,0,1,0,0,0,0,0,0,0,0,0,0,0,0,0,0,0,0,0,0,0,0,0,0,0,0,0,50.402,gavilan_ccd_03-08-2016_25,03-08-2016,0,0,0,0,AGENDA ITEMS – Individuals wishing to have an item appear on the agenda must submit the request in writing to the Superintendent/President ,0
121,gavilan_ccd,t,1,0,0,0,ArialMT,10.701,0,0,0,0,0,0,0,1,0,0,0,0,0,0,0,0,1,0,0,0,0,0,0,0,0,0,0,0,0,0,0,0,0,0,0,0,0,0,0,0,0,0,0,0,0,0,0,0,0,0,0,0,0,0,0,0,0,0,0,0,0,0,0,0,0,0,50.410,gavilan_ccd_03-08-2016_26,03-08-2016,0,0,0,0,two weeks prior to the regularly scheduled meeting.  The Board President and Superintendent/President will determine what items will be included ,0
122,gavilan_ccd,i,1,0,0,0,ArialMT,10.701,0,0,0,0,0,0,0,1,0,0,0,0,0,0,0,0,1,0,0,0,0,0,0,0,0,0,0,0,0,0,0,0,0,0,0,0,0,0,0,0,0,0,0,0,0,0,0,0,0,0,0,0,0,0,0,0,0,0,0,0,0,0,0,0,0,0,50.410,gavilan_ccd_03-08-2016_27,03-08-2016,0,0,0,0,in the agendas.  Regular meetings are held the second Tuesday of each month. ,0
123,gavilan_ccd, ,1,0,0,0,ArialMT,10.701,0,0,0,0,0,0,0,1,0,0,0,0,0,0,0,0,1,0,0,0,0,0,0,0,0,0,0,0,0,0,0,0,0,0,0,0,0,0,0,0,0,0,0,0,0,0,0,0,0,0,0,0,0,0,0,0,0,0,0,0,0,0,0,0,0,0,50.410,gavilan_ccd_03-08-2016_28,03-08-2016,0,0,0,0, ,0
124,gavilan_ccd,I,1,0,0,0,ArialMT,10.701,0,0,0,0,0,0,0,1,0,0,0,0,0,0,0,0,1,0,0,0,0,0,0,0,0,0,0,0,0,0,0,0,0,0,0,0,0,0,0,0,0,0,0,0,0,0,0,0,0,0,0,0,0,0,0,0,0,0,0,0,0,0,0,0,0,0,50.410,gavilan_ccd_03-08-2016_29,03-08-2016,0,0,0,0,Items listed under the Consent Agenda are considered to be routine and are acted on by the Board of Trustees as one motion.  There is no ,0
125,gavilan_ccd,d,1,0,0,0,ArialMT,10.701,0,0,0,0,0,0,0,1,0,0,1,0,0,0,0,0,1,0,0,0,0,0,0,0,0,0,0,0,0,0,0,0,0,0,0,0,0,0,0,0,0,0,0,0,0,0,0,0,0,0,0,0,0,0,0,0,0,0,0,0,0,0,0,0,0,0,50.410,gavilan_ccd_03-08-2016_30,03-08-2016,0,0,0,0,"discussion of these items prior to Board vote unless a member of the Board, staff, or public requests that specific items be discussed and/or ",0
126,gavilan_ccd,r,1,0,0,0,ArialMT,10.701,0,0,0,0,0,0,0,1,0,0,1,0,0,0,0,0,1,0,0,0,0,0,0,0,0,0,0,0,0,0,0,0,0,0,0,0,0,0,0,0,0,0,0,0,0,0,0,0,0,0,0,0,0,0,0,0,0,0,0,0,0,0,0,0,0,0,50.410,gavilan_ccd_03-08-2016_31,03-08-2016,0,0,0,0,removed from the Consent Agenda.  It is understood that the Administration recommends approval on all consent items.  Each item on the ,0
127,gavilan_ccd,C,1,0,0,0,ArialMT,10.701,0,0,0,0,0,0,0,1,0,0,0,0,0,0,0,0,1,0,0,0,0,0,0,0,0,0,0,0,0,0,0,0,0,0,0,0,0,0,0,0,0,0,0,0,0,0,0,0,0,0,0,0,0,0,0,0,0,0,0,0,0,0,0,0,0,0,50.410,gavilan_ccd_03-08-2016_32,03-08-2016,0,0,0,0,Consent Agenda approved by the Board of Trustees shall be deemed to have been considered in full and adopted as recommended. ,0
128,gavilan_ccd, ,0,0,0,1,Arial-ItalicMT,11.907,0,0,0,0,0,1,0,0,0,0,0,0,0,0,1,0,0,0,0,0,0,0,0,0,0,0,0,0,0,1,0,0,0,0,0,0,0,0,0,0,0,0,0,0,0,0,0,0,0,0,0,0,0,0,0,0,0,0,0,0,0,0,0,0,0,0,50.400,gavilan_ccd_03-08-2016_33,03-08-2016,0,0,0,0, ,0
129,gavilan_ccd,I,1,0,0,0,ArialMT,10.701,0,0,0,0,0,0,0,1,0,0,1,0,0,0,1,0,0,0,0,0,0,0,0,0,0,0,0,0,0,1,0,0,0,0,0,0,0,0,0,0,0,0,0,0,0,0,0,0,0,0,0,0,0,0,0,0,0,0,0,0,0,0,0,0,0,0,50.400,gavilan_ccd_03-08-2016_34,03-08-2016,0,0,0,0,"In compliance with the Americans with Disabilities Act, if you need special assistance to access the Board meeting room or to otherwise ",0
130,gavilan_ccd,p,1,0,0,0,ArialMT,10.701,0,0,0,0,0,0,0,1,0,0,0,0,0,0,1,0,0,0,0,0,0,0,0,0,0,0,0,0,0,1,0,0,0,0,0,0,0,0,0,0,0,0,0,0,0,0,0,0,0,0,0,0,0,0,0,0,0,0,0,0,0,0,0,0,0,0,50.400,gavilan_ccd_03-08-2016_35,03-08-2016,0,0,0,0,"participate at this meeting, including auxiliary aids or services, please contact Nancy Bailey at 408-848-4711.  Notification at least 48 hours prior ",0
131,gavilan_ccd,t,1,0,0,0,ArialMT,10.701,0,0,0,0,0,0,0,1,0,0,0,0,0,0,0,0,1,0,0,0,0,0,0,0,0,0,0,0,0,0,0,0,0,0,0,0,0,0,0,0,0,0,0,0,0,0,0,0,0,0,0,1,0,0,0,0,0,0,0,0,0,0,0,0,0,0,50.408,gavilan_ccd_03-08-2016_36,03-08-2016,0,0,0,0,to the meeting will enable the District to make reasonable arrangements to ensure accessibility to the Board meeting. ,0
132,gavilan_ccd,-,1,0,0,0,ArialMT,10.701,0,0,0,0,0,0,0,1,0,0,0,0,0,0,0,0,1,0,0,0,0,0,0,0,0,0,0,0,0,0,0,0,0,0,0,0,0,0,0,0,0,0,0,0,0,0,0,0,0,0,0,0,1,0,0,0,0,0,0,0,0,0,0,0,0,0,182.168,gavilan_ccd_03-08-2016_37,03-08-2016,0,0,0,0,----------------------------------------------------------------------------------------------- ,0
133,gavilan_ccd,P,1,0,0,0,ArialMT,10.701,0,0,0,0,0,0,0,1,0,0,1,0,0,0,0,0,1,0,0,0,0,0,0,0,0,0,0,0,0,0,0,0,0,0,0,0,0,0,0,0,0,0,0,0,0,0,1,0,0,0,0,0,0,0,0,0,0,0,0,0,0,0,0,0,0,0,149.413,gavilan_ccd_03-08-2016_38,03-08-2016,0,0,0,0,Please help keep Gavilan College a litter-free campus and preserve its park-like setting.  Thank you. ,0
134,gavilan_ccd,h,1,0,0,0,ArialMT,10.701,0,0,0,0,0,0,0,1,0,0,0,0,0,0,0,0,1,0,0,0,0,0,0,0,0,0,0,0,0,0,0,0,0,0,0,0,0,0,0,0,0,0,0,0,0,0,0,0,0,0,0,0,0,0,0,0,0,0,0,0,0,0,0,0,0,0,268.445,gavilan_ccd_03-08-2016_39,03-08-2016,0,0,0,0,http://www.gavilan.edu ,0
