,agency,first_char,font_freq_0,font_freq_1,font_freq_2,font_freq_3,font_name,font_size,font_size_0,font_size_1,font_size_2,font_size_3,font_size_4,font_size_5,font_size_6,font_size_7,font_size_8,font_size_9,includes_time,left_indent_0,left_indent_1,left_indent_10,left_indent_11,left_indent_12,left_indent_13,left_indent_14,left_indent_15,left_indent_16,left_indent_17,left_indent_18,left_indent_19,left_indent_2,left_indent_20,left_indent_21,left_indent_22,left_indent_23,left_indent_24,left_indent_25,left_indent_26,left_indent_27,left_indent_28,left_indent_29,left_indent_3,left_indent_30,left_indent_31,left_indent_32,left_indent_33,left_indent_34,left_indent_35,left_indent_36,left_indent_37,left_indent_38,left_indent_39,left_indent_4,left_indent_40,left_indent_41,left_indent_42,left_indent_43,left_indent_44,left_indent_45,left_indent_46,left_indent_47,left_indent_48,left_indent_5,left_indent_6,left_indent_7,left_indent_8,left_indent_9,left_inset,meeting_date,starts_with_number,starts_with_subnumber,text,uppercase,item_heading,item_text,meeting_heading,other_text,section_heading,line_id
0,gavilan_ccd, ,0,0,1,0,Arial-BoldMT,15.39,0,0,1,0,0,0,0,0,0,0,0,0,0,0,0,0,0,0,0,0,0,0,0,0,0,0,0,0,0,0,0,0,0,0,0,0,0,0,0,0,0,0,0,0,0,0,0,0,0,0,0,0,0,0,1,0,0,0,0,0,308.64,05-10-2016,0,0, ,0,0,0,0,1,0,gavilan_ccd_05-10-2016_0
1,gavilan_ccd,5,0,0,1,0,Arial-BoldMT,15.39,0,0,1,0,0,0,0,0,0,0,0,0,0,0,0,0,0,1,0,0,0,0,0,0,0,0,0,0,0,0,0,0,0,0,0,0,0,0,0,0,0,0,0,0,0,0,0,0,0,0,0,0,0,0,0,0,0,0,0,0,80.035,05-10-2016,1,0,"5055 Santa Teresa Blvd., Gilroy, CA 95020              www.gavilan.edu          (408) 848-4800",0,0,0,0,1,0,gavilan_ccd_05-10-2016_1
2,gavilan_ccd,S,0,0,1,0,Arial-BoldMT,15.39,0,0,1,0,0,0,0,0,0,0,0,0,0,0,0,0,0,0,0,0,0,0,0,0,0,0,0,0,0,0,0,0,0,0,0,0,0,0,0,0,0,0,1,0,0,0,0,0,0,0,0,0,0,0,0,0,0,0,0,0,160.792,05-10-2016,0,0,"Steven M. Kinsella, DBA, CPA, Superintendent/President ",0,0,0,0,1,0,gavilan_ccd_05-10-2016_2
3,gavilan_ccd, ,0,0,1,0,Arial-BoldMT,16.728,1,0,0,0,0,0,0,0,0,0,0,0,0,0,0,0,0,0,0,0,0,0,0,1,0,0,0,0,0,0,0,0,0,0,0,0,0,0,0,0,0,0,0,0,0,0,0,0,0,0,0,0,0,0,0,0,0,0,0,0,50.4,05-10-2016,0,0, ,0,0,0,0,1,0,gavilan_ccd_05-10-2016_3
4,gavilan_ccd,G,1,0,0,0,ArialMT,15.972,0,1,0,0,0,0,0,0,0,0,0,0,0,0,0,0,0,0,0,0,0,0,0,0,0,0,0,0,0,0,0,0,0,0,0,0,0,0,0,0,0,0,0,1,0,0,0,0,0,0,0,0,0,0,0,0,0,0,0,0,165.72,05-10-2016,0,0,GAVILAN JOINT COMMUNITY COLLEGE DISTRICT ,1,0,0,0,1,0,gavilan_ccd_05-10-2016_4
5,gavilan_ccd,R,1,0,0,0,ArialMT,15.972,0,1,0,0,0,0,0,0,0,0,0,0,0,0,0,0,0,0,0,0,0,0,0,0,0,0,0,0,0,0,0,0,0,0,0,0,0,0,0,0,0,0,0,0,0,0,0,1,0,0,0,0,0,0,0,0,0,0,0,0,182.28,05-10-2016,0,0,"REGULAR MEETING, BOARD OF TRUSTEES ",1,0,0,0,1,0,gavilan_ccd_05-10-2016_5
6,gavilan_ccd,T,1,0,0,0,ArialMT,14.694,0,0,0,1,0,0,0,0,0,0,0,0,0,0,0,0,0,0,0,0,0,0,0,0,0,0,0,0,0,0,0,0,0,0,0,0,0,0,0,0,0,0,0,0,0,0,0,0,0,0,0,1,0,0,0,0,0,0,0,0,251.16,05-10-2016,0,0,"Tuesday, May 10, 2016",0,0,0,0,1,0,gavilan_ccd_05-10-2016_6
7,gavilan_ccd,3,1,0,0,0,ArialMT,14.694,0,0,0,1,0,0,0,0,0,0,0,0,0,0,0,0,0,0,0,0,0,0,0,0,0,0,0,0,0,0,0,0,0,0,0,0,0,0,0,0,0,0,0,0,0,0,0,0,1,0,0,0,0,0,0,0,0,0,0,0,221.882,05-10-2016,1,0,"375 Fifth Street, Hollister, California",0,0,0,0,1,0,gavilan_ccd_05-10-2016_7
8,gavilan_ccd, ,1,0,0,0,ArialMT,14.694,0,0,0,1,0,0,0,0,0,0,0,0,0,0,0,0,0,0,0,0,0,0,0,0,0,0,0,0,0,0,0,0,0,0,0,0,0,0,0,0,0,0,0,0,0,0,0,0,0,0,1,0,0,0,0,0,0,0,0,0,249.36,05-10-2016,0,0,  City Council Chambers          ,0,0,0,0,1,0,gavilan_ccd_05-10-2016_8
9,gavilan_ccd,C,1,0,0,0,ArialMT,14.694,0,0,0,1,0,0,0,0,0,0,0,0,0,0,0,0,0,0,0,0,0,0,0,0,0,0,0,0,0,0,0,0,0,0,0,0,0,0,0,0,0,1,0,0,0,0,0,0,0,0,0,0,0,0,0,0,0,0,0,0,157.441,05-10-2016,0,0,CLOSED SESSION – 6:00 p.m.  OPEN SESSION – 7:00 p.m.,0,0,0,0,1,0,gavilan_ccd_05-10-2016_9
10,gavilan_ccd,A,1,0,0,0,ArialMT,15.972,0,1,0,0,0,0,0,0,0,0,0,0,0,0,0,0,0,0,0,0,0,0,0,0,0,0,0,0,0,0,0,0,0,0,0,0,0,0,0,0,0,0,0,0,0,0,0,0,0,0,0,0,0,1,0,0,0,0,0,0,283.32,05-10-2016,0,0,AGENDA ,1,0,0,0,1,0,gavilan_ccd_05-10-2016_10
11,gavilan_ccd,I,1,0,0,0,ArialMT,14.694,0,0,0,1,0,0,0,0,0,0,0,0,0,0,0,0,0,0,0,0,0,0,0,1,0,0,0,0,0,0,0,0,0,0,0,0,0,0,0,0,0,0,0,0,0,0,0,0,0,0,0,0,0,0,0,0,0,0,0,0,50.4,05-10-2016,0,0,I.  CALL TO ORDER 6:00 p.m.,0,0,0,0,0,1,gavilan_ccd_05-10-2016_11
12,gavilan_ccd,1,1,0,0,0,ArialMT,14.694,0,0,0,1,0,0,0,0,0,0,0,0,0,0,1,0,0,0,0,0,0,0,0,0,0,0,0,0,0,0,0,0,0,0,0,0,0,0,0,0,0,0,0,0,0,0,0,0,0,0,0,0,0,0,0,0,0,0,0,0,68.4,05-10-2016,1,0,1.  Roll Call,0,1,0,0,0,0,gavilan_ccd_05-10-2016_12
13,gavilan_ccd,2,1,0,0,0,ArialMT,14.694,0,0,0,1,0,0,0,0,0,0,0,0,0,0,1,0,0,0,0,0,0,0,0,0,0,0,0,0,0,0,0,0,0,0,0,0,0,0,0,0,0,0,0,0,0,0,0,0,0,0,0,0,0,0,0,0,0,0,0,0,68.4,05-10-2016,1,0,2.  Comments from the Public – This is a time for the public to address the Board.,0,1,0,0,0,0,gavilan_ccd_05-10-2016_13
14,gavilan_ccd,3,1,0,0,0,ArialMT,14.694,0,0,0,1,0,0,0,0,0,0,0,0,0,0,1,0,0,0,0,0,0,0,0,0,0,0,0,0,0,0,0,0,0,0,0,0,0,0,0,0,0,0,0,0,0,0,0,0,0,0,0,0,0,0,0,0,0,0,0,0,68.4,05-10-2016,1,0,3.  Recess to Closed Session    (A maximum of 3 minutes will be allotted to each speaker),0,1,0,0,0,0,gavilan_ccd_05-10-2016_14
15,gavilan_ccd, ,1,0,0,0,ArialMT,14.694,0,0,0,1,0,0,0,0,0,0,0,1,0,0,0,0,0,0,0,0,0,0,0,0,0,0,0,0,0,0,0,0,0,0,0,0,0,0,0,0,0,0,0,0,0,0,0,0,0,0,0,0,0,0,0,0,0,0,0,0,50.394,05-10-2016,0,0, ,0,0,0,0,1,0,gavilan_ccd_05-10-2016_15
16,gavilan_ccd,C,1,0,0,0,ArialMT,14.694,0,0,0,1,0,0,0,0,0,0,0,0,0,0,1,0,0,0,0,0,0,0,0,0,0,0,0,0,0,0,0,0,0,0,0,0,0,0,0,0,0,0,0,0,0,0,0,0,0,0,0,0,0,0,0,0,0,0,0,0,68.4,05-10-2016,0,0,CLOSED SESSION 6:00 p.m.,0,0,0,0,0,1,gavilan_ccd_05-10-2016_16
17,gavilan_ccd,N,1,0,0,0,ArialMT,14.694,0,0,0,1,0,0,0,0,0,0,0,0,0,0,1,0,0,0,0,0,0,0,0,0,0,0,0,0,0,0,0,0,0,0,0,0,0,0,0,0,0,0,0,0,0,0,0,0,0,0,0,0,0,0,0,0,0,0,0,0,68.4,05-10-2016,0,0,Notice is hereby given that a closed session of the Board will be held under the general provisions ,0,0,0,0,1,0,gavilan_ccd_05-10-2016_17
18,gavilan_ccd,l,1,0,0,0,ArialMT,14.694,0,0,0,1,0,0,0,0,0,0,0,0,0,0,1,0,0,0,0,0,0,0,0,0,0,0,0,0,0,0,0,0,0,0,0,0,0,0,0,0,0,0,0,0,0,0,0,0,0,0,0,0,0,0,0,0,0,0,0,0,68.4,05-10-2016,0,0,listed as follows: ,0,0,0,0,1,0,gavilan_ccd_05-10-2016_18
19,gavilan_ccd, ,1,0,0,0,ArialMT,14.694,0,0,0,1,0,0,0,0,0,0,0,0,0,0,1,0,0,0,0,0,0,0,0,0,0,0,0,0,0,0,0,0,0,0,0,0,0,0,0,0,0,0,0,0,0,0,0,0,0,0,0,0,0,0,0,0,0,0,0,0,68.4,05-10-2016,0,0, ,0,0,0,0,1,0,gavilan_ccd_05-10-2016_19
20,gavilan_ccd,1,1,0,0,0,ArialMT,14.694,0,0,0,1,0,0,0,0,0,0,0,0,0,0,1,0,0,0,0,0,0,0,0,0,0,0,0,0,0,0,0,0,0,0,0,0,0,0,0,0,0,0,0,0,0,0,0,0,0,0,0,0,0,0,0,0,0,0,0,0,68.4,05-10-2016,1,0,1.  PUBLIC EMPLOYEE DISCIPLINE/DISMISSAL/RELEASE – Closed Session Pursuant to,0,1,0,0,0,0,gavilan_ccd_05-10-2016_20
21,gavilan_ccd,G,1,0,0,0,ArialMT,14.694,0,0,0,1,0,0,0,0,0,0,0,0,0,0,0,0,0,0,0,0,0,0,0,0,0,0,0,0,0,1,0,0,0,0,0,0,0,0,0,0,0,0,0,0,0,0,0,0,0,0,0,0,0,0,0,0,0,0,0,0,86.395,05-10-2016,0,0,Government Code Section 54957,0,0,1,0,0,0,gavilan_ccd_05-10-2016_21
22,gavilan_ccd, ,1,0,0,0,ArialMT,14.694,0,0,0,1,0,0,0,0,0,0,0,0,0,0,1,0,0,0,0,0,0,0,0,0,0,0,0,0,0,0,0,0,0,0,0,0,0,0,0,0,0,0,0,0,0,0,0,0,0,0,0,0,0,0,0,0,0,0,0,0,68.4,05-10-2016,0,0, ,0,0,0,0,1,0,gavilan_ccd_05-10-2016_22
23,gavilan_ccd,2,1,0,0,0,ArialMT,14.694,0,0,0,1,0,0,0,0,0,0,0,0,0,0,1,0,0,0,0,0,0,0,0,0,0,0,0,0,0,0,0,0,0,0,0,0,0,0,0,0,0,0,0,0,0,0,0,0,0,0,0,0,0,0,0,0,0,0,0,0,68.4,05-10-2016,1,0,2.  CONFERENCE WITH LABOR NEGOTIATORS – Closed Session Pursuant to Government,0,1,0,0,0,0,gavilan_ccd_05-10-2016_23
24,gavilan_ccd,C,1,0,0,0,ArialMT,14.694,0,0,0,1,0,0,0,0,0,0,0,0,0,0,0,0,0,0,0,0,0,0,0,0,0,0,0,0,0,1,0,0,0,0,0,0,0,0,0,0,0,0,0,0,0,0,0,0,0,0,0,0,0,0,0,0,0,0,0,0,86.395,05-10-2016,0,0,Code Section 54957.6,0,0,1,0,0,0,gavilan_ccd_05-10-2016_24
25,gavilan_ccd,A,1,0,0,0,ArialMT,14.694,0,0,0,1,0,0,0,0,0,0,0,0,0,0,0,0,0,0,0,0,0,0,0,0,0,0,0,0,0,1,0,0,0,0,0,0,0,0,0,0,0,0,0,0,0,0,0,0,0,0,0,0,0,0,0,0,0,0,0,0,86.395,05-10-2016,0,0,Agency Negotiator(s):  Dr. Steven Kinsella/Ron Hannon ,0,0,1,0,0,0,gavilan_ccd_05-10-2016_25
26,gavilan_ccd,E,1,0,0,0,ArialMT,14.694,0,0,0,1,0,0,0,0,0,0,0,0,0,0,0,0,0,0,0,0,0,0,0,0,0,0,0,0,0,1,0,0,0,0,0,0,0,0,0,0,0,0,0,0,0,0,0,0,0,0,0,0,0,0,0,0,0,0,0,0,86.395,05-10-2016,0,0,Employee Organization:  GCFA ,0,0,1,0,0,0,gavilan_ccd_05-10-2016_26
27,gavilan_ccd, ,1,0,0,0,ArialMT,14.694,0,0,0,1,0,0,0,0,0,0,0,0,0,0,1,0,0,0,0,0,0,0,0,0,0,0,0,0,0,0,0,0,0,0,0,0,0,0,0,0,0,0,0,0,0,0,0,0,0,0,0,0,0,0,0,0,0,0,0,0,68.4,05-10-2016,0,0, ,0,0,0,0,1,0,gavilan_ccd_05-10-2016_27
28,gavilan_ccd,3,1,0,0,0,ArialMT,14.694,0,0,0,1,0,0,0,0,0,0,0,0,0,0,1,0,0,0,0,0,0,0,0,0,0,0,0,0,0,0,0,0,0,0,0,0,0,0,0,0,0,0,0,0,0,0,0,0,0,0,0,0,0,0,0,0,0,0,0,0,68.4,05-10-2016,1,0,3.  CONFERENCE WITH LABOR NEGOTIATORS – Closed Session Pursuant to Government,0,1,0,0,0,0,gavilan_ccd_05-10-2016_28
29,gavilan_ccd,C,1,0,0,0,ArialMT,14.694,0,0,0,1,0,0,0,0,0,0,0,0,0,0,0,0,0,0,0,0,0,0,0,0,0,0,0,0,0,1,0,0,0,0,0,0,0,0,0,0,0,0,0,0,0,0,0,0,0,0,0,0,0,0,0,0,0,0,0,0,86.395,05-10-2016,0,0,Code Section 54957.6,0,0,1,0,0,0,gavilan_ccd_05-10-2016_29
30,gavilan_ccd,A,1,0,0,0,ArialMT,14.694,0,0,0,1,0,0,0,0,0,0,0,0,0,0,0,0,0,0,0,0,0,0,0,0,0,0,0,0,0,1,0,0,0,0,0,0,0,0,0,0,0,0,0,0,0,0,0,0,0,0,0,0,0,0,0,0,0,0,0,0,86.395,05-10-2016,0,0,Agency Negotiator(s):  Dr. Steven Kinsella/Eric Ramones ,0,0,1,0,0,0,gavilan_ccd_05-10-2016_30
31,gavilan_ccd,E,1,0,0,0,ArialMT,14.694,0,0,0,1,0,0,0,0,0,0,0,0,0,0,0,0,0,0,0,0,0,0,0,0,0,0,0,0,0,1,0,0,0,0,0,0,0,0,0,0,0,0,0,0,0,0,0,0,0,0,0,0,0,0,0,0,0,0,0,0,86.395,05-10-2016,0,0,Employee Organization:  CSEA ,0,0,1,0,0,0,gavilan_ccd_05-10-2016_31
32,gavilan_ccd, ,1,0,0,0,ArialMT,14.694,0,0,0,1,0,0,0,0,0,0,0,0,0,1,0,0,0,0,0,0,0,0,0,0,0,0,0,0,0,0,0,0,0,0,0,0,0,0,0,0,0,0,0,0,0,0,0,0,0,0,0,0,0,0,0,0,0,0,0,0,68.389,05-10-2016,0,0, ,0,0,0,0,1,0,gavilan_ccd_05-10-2016_32
33,gavilan_ccd,4,1,0,0,0,ArialMT,14.694,0,0,0,1,0,0,0,0,0,0,0,0,0,1,0,0,0,0,0,0,0,0,0,0,0,0,0,0,0,0,0,0,0,0,0,0,0,0,0,0,0,0,0,0,0,0,0,0,0,0,0,0,0,0,0,0,0,0,0,0,68.389,05-10-2016,1,0,4.  CONFERENCE WITH LABOR NEGOTIATORS – Closed Session Pursuant to Government,0,1,0,0,0,0,gavilan_ccd_05-10-2016_33
34,gavilan_ccd,C,1,0,0,0,ArialMT,14.694,0,0,0,1,0,0,0,0,0,0,0,0,0,0,0,0,0,0,0,0,0,0,0,0,0,0,0,0,1,0,0,0,0,0,0,0,0,0,0,0,0,0,0,0,0,0,0,0,0,0,0,0,0,0,0,0,0,0,0,0,86.384,05-10-2016,0,0,Code Section 54957.6,0,0,1,0,0,0,gavilan_ccd_05-10-2016_34
35,gavilan_ccd,A,1,0,0,0,ArialMT,14.694,0,0,0,1,0,0,0,0,0,0,0,0,0,0,0,0,0,0,0,0,0,0,0,0,0,0,0,0,1,0,0,0,0,0,0,0,0,0,0,0,0,0,0,0,0,0,0,0,0,0,0,0,0,0,0,0,0,0,0,0,86.384,05-10-2016,0,0,Agency Negotiator(s):  Dr. Steven Kinsella ,0,0,1,0,0,0,gavilan_ccd_05-10-2016_35
36,gavilan_ccd,E,1,0,0,0,ArialMT,14.694,0,0,0,1,0,0,0,0,0,0,0,0,0,0,0,0,0,0,0,0,0,0,0,0,0,0,0,0,1,0,0,0,0,0,0,0,0,0,0,0,0,0,0,0,0,0,0,0,0,0,0,0,0,0,0,0,0,0,0,0,86.384,05-10-2016,0,0,Employee Organization:  Unrepresented ,0,0,1,0,0,0,gavilan_ccd_05-10-2016_36
37,gavilan_ccd, ,1,0,0,0,ArialMT,14.694,0,0,0,1,0,0,0,0,0,0,0,0,0,1,0,0,0,0,0,0,0,0,0,0,0,0,0,0,0,0,0,0,0,0,0,0,0,0,0,0,0,0,0,0,0,0,0,0,0,0,0,0,0,0,0,0,0,0,0,0,68.389,05-10-2016,0,0, ,0,0,0,0,1,0,gavilan_ccd_05-10-2016_37
38,gavilan_ccd,5,1,0,0,0,ArialMT,14.694,0,0,0,1,0,0,0,0,0,0,0,0,0,1,0,0,0,0,0,0,0,0,0,0,0,0,0,0,0,0,0,0,0,0,0,0,0,0,0,0,0,0,0,0,0,0,0,0,0,0,0,0,0,0,0,0,0,0,0,0,68.389,05-10-2016,1,0,5.  PUBLIC EMPLOYEE APPOINTMENT – Executive Vice President and Chief Instruction Officer,0,1,0,0,0,0,gavilan_ccd_05-10-2016_38
39,gavilan_ccd,-,1,0,0,0,ArialMT,14.694,0,0,0,1,0,0,0,0,0,0,0,0,0,0,0,0,0,0,0,0,0,0,0,0,0,0,0,0,1,0,0,0,0,0,0,0,0,0,0,0,0,0,0,0,0,0,0,0,0,0,0,0,0,0,0,0,0,0,0,0,86.384,05-10-2016,0,0,- Closed Session Pursuant to Government Code Section 54957,0,0,1,0,0,0,gavilan_ccd_05-10-2016_39
40,gavilan_ccd, ,1,0,0,0,ArialMT,14.694,0,0,0,1,0,0,0,0,0,0,0,1,0,0,0,0,0,0,0,0,0,0,0,0,0,0,0,0,0,0,0,0,0,0,0,0,0,0,0,0,0,0,0,0,0,0,0,0,0,0,0,0,0,0,0,0,0,0,0,0,50.394,05-10-2016,0,0, ,0,0,0,0,1,0,gavilan_ccd_05-10-2016_40
41,gavilan_ccd,6,1,0,0,0,ArialMT,14.694,0,0,0,1,0,0,0,0,0,0,0,0,0,1,0,0,0,0,0,0,0,0,0,0,0,0,0,0,0,0,0,0,0,0,0,0,0,0,0,0,0,0,0,0,0,0,0,0,0,0,0,0,0,0,0,0,0,0,0,0,68.389,05-10-2016,1,0,6.  PUBLIC EMPLOYEE APPOINTMENT – Vice President of Administrative Services - Closed,0,1,0,0,0,0,gavilan_ccd_05-10-2016_41
42,gavilan_ccd,S,1,0,0,0,ArialMT,14.694,0,0,0,1,0,0,0,0,0,0,0,0,0,0,0,0,0,0,0,0,0,0,0,0,0,0,0,0,0,1,0,0,0,0,0,0,0,0,0,0,0,0,0,0,0,0,0,0,0,0,0,0,0,0,0,0,0,0,0,0,86.395,05-10-2016,0,0,Session Pursuant to Government Code Section 54957,0,0,1,0,0,0,gavilan_ccd_05-10-2016_42
43,gavilan_ccd, ,1,0,0,0,ArialMT,14.694,0,0,0,1,0,0,0,0,0,0,0,1,0,0,0,0,0,0,0,0,0,0,0,0,0,0,0,0,0,0,0,0,0,0,0,0,0,0,0,0,0,0,0,0,0,0,0,0,0,0,0,0,0,0,0,0,0,0,0,0,50.394,05-10-2016,0,0,   ,0,0,0,0,1,0,gavilan_ccd_05-10-2016_43
44,gavilan_ccd, ,1,0,0,0,ArialMT,14.694,0,0,0,1,0,0,0,0,0,0,0,0,0,0,1,0,0,0,0,0,0,0,0,0,0,0,0,0,0,0,0,0,0,0,0,0,0,0,0,0,0,0,0,0,0,0,0,0,0,0,0,0,0,0,0,0,0,0,0,0,68.4,05-10-2016,0,0, ,0,0,0,0,1,0,gavilan_ccd_05-10-2016_0
45,gavilan_ccd,7,1,0,0,0,ArialMT,14.694,0,0,0,1,0,0,0,0,0,0,0,0,0,0,1,0,0,0,0,0,0,0,0,0,0,0,0,0,0,0,0,0,0,0,0,0,0,0,0,0,0,0,0,0,0,0,0,0,0,0,0,0,0,0,0,0,0,0,0,0,68.4,05-10-2016,1,0,7.  PUBLIC EMPLOYEE APPOINTMENT – Vice President of Student Services - Closed Session,0,1,0,0,0,0,gavilan_ccd_05-10-2016_1
46,gavilan_ccd,P,1,0,0,0,ArialMT,14.694,0,0,0,1,0,0,0,0,0,0,0,0,0,0,0,0,0,0,0,0,0,0,0,0,0,0,0,0,0,0,0,1,0,0,0,0,0,0,0,0,0,0,0,0,0,0,0,0,0,0,0,0,0,0,0,0,0,0,0,0,86.406,05-10-2016,0,0,Pursuant to Government Code Section 54957,0,0,1,0,0,0,gavilan_ccd_05-10-2016_2
47,gavilan_ccd, ,1,0,0,0,ArialMT,14.694,0,0,0,1,0,0,0,0,0,0,0,0,0,0,0,1,0,0,0,0,0,0,0,0,0,0,0,0,0,0,0,0,0,0,0,0,0,0,0,0,0,0,0,0,0,0,0,0,0,0,0,0,0,0,0,0,0,0,0,0,68.411,05-10-2016,0,0, ,0,0,0,0,1,0,gavilan_ccd_05-10-2016_3
48,gavilan_ccd,8,1,0,0,0,ArialMT,14.694,0,0,0,1,0,0,0,0,0,0,0,0,0,0,0,1,0,0,0,0,0,0,0,0,0,0,0,0,0,0,0,0,0,0,0,0,0,0,0,0,0,0,0,0,0,0,0,0,0,0,0,0,0,0,0,0,0,0,0,0,68.411,05-10-2016,1,0,8.  PUBLIC EMPLOYEE APPOINTMENT – Superintendent/President - Closed Session Pursuant,0,1,0,0,0,0,gavilan_ccd_05-10-2016_4
49,gavilan_ccd,t,1,0,0,0,ArialMT,14.694,0,0,0,1,0,0,0,0,0,0,0,0,0,0,0,0,0,0,0,0,0,0,0,0,0,0,0,0,0,0,0,0,1,0,0,0,0,0,0,0,0,0,0,0,0,0,0,0,0,0,0,0,0,0,0,0,0,0,0,0,86.417,05-10-2016,0,0,to Government Code Section 54957,0,0,1,0,0,0,gavilan_ccd_05-10-2016_5
50,gavilan_ccd, ,1,0,0,0,ArialMT,14.694,0,0,0,1,0,0,0,0,0,0,0,0,0,0,0,1,0,0,0,0,0,0,0,0,0,0,0,0,0,0,0,0,0,0,0,0,0,0,0,0,0,0,0,0,0,0,0,0,0,0,0,0,0,0,0,0,0,0,0,0,68.411,05-10-2016,0,0, ,0,0,0,0,1,0,gavilan_ccd_05-10-2016_6
51,gavilan_ccd,I,1,0,0,0,ArialMT,14.694,0,0,0,1,0,0,0,0,0,0,0,0,0,0,0,0,0,0,0,0,0,0,0,1,0,0,0,0,0,0,0,0,0,0,0,0,0,0,0,0,0,0,0,0,0,0,0,0,0,0,0,0,0,0,0,0,0,0,0,0,50.4,05-10-2016,0,0,II.   OPEN SESSION 7:00 p.m.,0,0,0,0,0,1,gavilan_ccd_05-10-2016_7
52,gavilan_ccd,1,1,0,0,0,ArialMT,14.694,0,0,0,1,0,0,0,0,0,0,0,0,0,0,1,0,0,0,0,0,0,0,0,0,0,0,0,0,0,0,0,0,0,0,0,0,0,0,0,0,0,0,0,0,0,0,0,0,0,0,0,0,0,0,0,0,0,0,0,0,68.4,05-10-2016,1,0,1.  Call to Order,0,1,0,0,0,0,gavilan_ccd_05-10-2016_8
53,gavilan_ccd,2,1,0,0,0,ArialMT,14.694,0,0,0,1,0,0,0,0,0,0,0,0,0,1,0,0,0,0,0,0,0,0,0,0,0,0,0,0,0,0,0,0,0,0,0,0,0,0,0,0,0,0,0,0,0,0,0,0,0,0,0,0,0,0,0,0,0,0,0,0,68.389,05-10-2016,1,0,2.  Roll Call,0,1,0,0,0,0,gavilan_ccd_05-10-2016_9
54,gavilan_ccd,3,1,0,0,0,ArialMT,14.694,0,0,0,1,0,0,0,0,0,0,0,0,0,1,0,0,0,0,0,0,0,0,0,0,0,0,0,0,0,0,0,0,0,0,0,0,0,0,0,0,0,0,0,0,0,0,0,0,0,0,0,0,0,0,0,0,0,0,0,0,68.389,05-10-2016,1,0,3.  Pledge of Allegiance,0,1,0,0,0,0,gavilan_ccd_05-10-2016_10
55,gavilan_ccd,4,1,0,0,0,ArialMT,14.694,0,0,0,1,0,0,0,0,0,0,0,0,0,1,0,0,0,0,0,0,0,0,0,0,0,0,0,0,0,0,0,0,0,0,0,0,0,0,0,0,0,0,0,0,0,0,0,0,0,0,0,0,0,0,0,0,0,0,0,0,68.389,05-10-2016,1,0,4.  Report of Any Action Taken in Closed Session,0,1,0,0,0,0,gavilan_ccd_05-10-2016_11
56,gavilan_ccd,5,1,0,0,0,ArialMT,14.694,0,0,0,1,0,0,0,0,0,0,0,0,0,1,0,0,0,0,0,0,0,0,0,0,0,0,0,0,0,0,0,0,0,0,0,0,0,0,0,0,0,0,0,0,0,0,0,0,0,0,0,0,0,0,0,0,0,0,0,0,68.389,05-10-2016,1,0,5.  Approval of Agenda,0,1,0,0,0,0,gavilan_ccd_05-10-2016_12
57,gavilan_ccd,6,1,0,0,0,ArialMT,14.694,0,0,0,1,0,0,0,0,0,0,0,0,0,1,0,0,0,0,0,0,0,0,0,0,0,0,0,0,0,0,0,0,0,0,0,0,0,0,0,0,0,0,0,0,0,0,0,0,0,0,0,0,0,0,0,0,0,0,0,0,68.389,05-10-2016,1,0,6.  Consent Agenda,0,1,0,0,0,0,gavilan_ccd_05-10-2016_13
58,gavilan_ccd,(,1,0,0,0,ArialMT,14.694,0,0,0,1,0,0,0,0,0,0,0,0,0,0,0,0,0,0,0,0,0,0,0,0,0,0,0,0,1,0,0,0,0,0,0,0,0,0,0,0,0,0,0,0,0,0,0,0,0,0,0,0,0,0,0,0,0,0,0,0,86.384,05-10-2016,0,0,"(a) Regular Board Meeting Minutes, April 12, 2016 and Board Policy Committee Minutes, April",0,1,0,0,0,0,gavilan_ccd_05-10-2016_14
59,gavilan_ccd,1,1,0,0,0,ArialMT,14.694,0,0,0,1,0,0,0,0,0,0,0,0,0,0,0,0,0,0,0,0,0,0,0,0,0,0,0,0,0,0,0,0,0,0,0,0,1,0,0,0,0,0,0,0,0,0,0,0,0,0,0,0,0,0,0,0,0,0,0,0,104.39,05-10-2016,0,0,"12, 2016",0,0,1,0,0,0,gavilan_ccd_05-10-2016_15
60,gavilan_ccd,(,1,0,0,0,ArialMT,14.694,0,0,0,1,0,0,0,0,0,0,0,0,0,0,0,0,0,0,0,0,0,0,0,0,0,0,0,0,1,0,0,0,0,0,0,0,0,0,0,0,0,0,0,0,0,0,0,0,0,0,0,0,0,0,0,0,0,0,0,0,86.384,05-10-2016,0,0,(b) Personnel Actions ,0,1,0,0,0,0,gavilan_ccd_05-10-2016_16
61,gavilan_ccd,(,1,0,0,0,ArialMT,14.694,0,0,0,1,0,0,0,0,0,0,0,0,0,0,0,0,0,0,0,0,0,0,0,0,0,0,0,0,1,0,0,0,0,0,0,0,0,0,0,0,0,0,0,0,0,0,0,0,0,0,0,0,0,0,0,0,0,0,0,0,86.384,05-10-2016,0,0,(c)  Warrants and electronic Transfers Drawn on District Funds ,0,1,0,0,0,0,gavilan_ccd_05-10-2016_17
62,gavilan_ccd,(,1,0,0,0,ArialMT,14.694,0,0,0,1,0,0,0,0,0,0,0,0,0,0,0,0,0,0,0,0,0,0,0,0,0,0,0,0,1,0,0,0,0,0,0,0,0,0,0,0,0,0,0,0,0,0,0,0,0,0,0,0,0,0,0,0,0,0,0,0,86.384,05-10-2016,0,0,(d) Payroll Warrants drawn on District Funds ,0,1,0,0,0,0,gavilan_ccd_05-10-2016_18
63,gavilan_ccd,(,1,0,0,0,ArialMT,14.694,0,0,0,1,0,0,0,0,0,0,0,0,0,0,0,0,0,0,0,0,0,0,0,0,0,0,0,1,0,0,0,0,0,0,0,0,0,0,0,0,0,0,0,0,0,0,0,0,0,0,0,0,0,0,0,0,0,0,0,0,86.373,05-10-2016,0,0,(e) Ratification of Agreements  ,0,1,0,0,0,0,gavilan_ccd_05-10-2016_19
64,gavilan_ccd,(,1,0,0,0,ArialMT,14.694,0,0,0,1,0,0,0,0,0,0,0,0,0,0,0,0,0,0,0,0,0,0,0,0,0,0,1,0,0,0,0,0,0,0,0,0,0,0,0,0,0,0,0,0,0,0,0,0,0,0,0,0,0,0,0,0,0,0,0,0,86.362,05-10-2016,0,0,(f)  Ratification of two new Bank Accounts ,0,1,0,0,0,0,gavilan_ccd_05-10-2016_20
65,gavilan_ccd,(,1,0,0,0,ArialMT,14.694,0,0,0,1,0,0,0,0,0,0,0,0,0,0,0,0,0,0,0,0,0,0,0,0,0,1,0,0,0,0,0,0,0,0,0,0,0,0,0,0,0,0,0,0,0,0,0,0,0,0,0,0,0,0,0,0,0,0,0,0,86.351,05-10-2016,0,0,(g) Monthly Financial Report ,0,1,0,0,0,0,gavilan_ccd_05-10-2016_21
66,gavilan_ccd,(,1,0,0,0,ArialMT,14.694,0,0,0,1,0,0,0,0,0,0,0,0,0,0,0,0,0,0,0,0,0,0,0,0,0,1,0,0,0,0,0,0,0,0,0,0,0,0,0,0,0,0,0,0,0,0,0,0,0,0,0,0,0,0,0,0,0,0,0,0,86.351,05-10-2016,0,0,(h) Budget Adjustment ,0,1,0,0,0,0,gavilan_ccd_05-10-2016_22
67,gavilan_ccd,(,1,0,0,0,ArialMT,14.694,0,0,0,1,0,0,0,0,0,0,0,0,0,0,0,0,0,0,0,0,0,0,0,0,0,1,0,0,0,0,0,0,0,0,0,0,0,0,0,0,0,0,0,0,0,0,0,0,0,0,0,0,0,0,0,0,0,0,0,0,86.351,05-10-2016,0,0,"(i)  Measure E. Bond Quarterly Financial Status Report at March 31, 2016",0,1,0,0,0,0,gavilan_ccd_05-10-2016_23
68,gavilan_ccd,(,1,0,0,0,ArialMT,14.694,0,0,0,1,0,0,0,0,0,0,0,0,0,0,0,0,0,0,0,0,0,0,0,0,0,1,0,0,0,0,0,0,0,0,0,0,0,0,0,0,0,0,0,0,0,0,0,0,0,0,0,0,0,0,0,0,0,0,0,0,86.351,05-10-2016,0,0,"(j)  Retiree Health Benefit Trust Investment Portfolio Status as of March 31, 2016",0,1,0,0,0,0,gavilan_ccd_05-10-2016_24
69,gavilan_ccd,7,1,0,0,0,ArialMT,14.694,0,0,0,1,0,0,0,0,0,0,0,0,0,0,0,0,0,0,0,0,0,0,0,0,0,0,0,0,0,0,0,0,0,0,0,0,0,0,0,0,0,0,0,0,0,0,0,0,0,0,0,0,0,0,0,0,0,0,0,1,68.345,05-10-2016,1,0,7.  Comments from the Public - This is a time for the public to address the Board. (A maximum of,0,1,0,0,0,0,gavilan_ccd_05-10-2016_25
70,gavilan_ccd,5,1,0,0,0,ArialMT,14.694,0,0,0,1,0,0,0,0,0,0,0,0,0,0,0,0,0,0,0,0,0,0,0,0,0,1,0,0,0,0,0,0,0,0,0,0,0,0,0,0,0,0,0,0,0,0,0,0,0,0,0,0,0,0,0,0,0,0,0,0,86.351,05-10-2016,1,0,5 minutes will be allotted to each speaker),0,0,1,0,0,0,gavilan_ccd_05-10-2016_26
71,gavilan_ccd,8,1,0,0,0,ArialMT,14.694,0,0,0,1,0,0,0,0,0,0,0,0,0,0,0,0,0,0,0,0,0,0,0,0,0,0,0,0,0,0,0,0,0,0,0,0,0,0,0,0,0,0,0,0,0,0,0,0,0,0,0,0,0,0,0,0,0,0,0,1,68.345,05-10-2016,1,0,8.  Recognition,0,1,0,0,0,0,gavilan_ccd_05-10-2016_27
72,gavilan_ccd,(,1,0,0,0,ArialMT,14.694,0,0,0,1,0,0,0,0,0,0,0,0,0,0,0,0,0,0,0,0,0,0,0,0,1,0,0,0,0,0,0,0,0,0,0,0,0,0,0,0,0,0,0,0,0,0,0,0,0,0,0,0,0,0,0,0,0,0,0,0,86.34,05-10-2016,0,0,(a) Student Trustee Adrian Lopez ,0,1,0,0,0,0,gavilan_ccd_05-10-2016_28
73,gavilan_ccd,(,1,0,0,0,ArialMT,14.694,0,0,0,1,0,0,0,0,0,0,0,0,0,0,0,0,0,0,0,0,0,0,1,0,0,0,0,0,0,0,0,0,0,0,0,0,0,0,0,0,0,0,0,0,0,0,0,0,0,0,0,0,0,0,0,0,0,0,0,0,86.329,05-10-2016,0,0,(b) All Community College Public Relations Organizations (CCPRO) Award ,0,1,0,0,0,0,gavilan_ccd_05-10-2016_29
74,gavilan_ccd,9,1,0,0,0,ArialMT,14.694,0,0,0,1,0,0,0,0,0,0,0,0,0,0,0,0,0,0,0,0,0,0,0,0,0,0,0,0,0,0,0,0,0,0,0,0,0,0,0,0,0,0,0,0,0,0,0,0,0,0,0,0,0,0,0,0,0,0,1,0,68.323,05-10-2016,1,0,9.  Officers' Reports,0,1,0,0,0,0,gavilan_ccd_05-10-2016_30
75,gavilan_ccd,(,1,0,0,0,ArialMT,14.694,0,0,0,1,0,0,0,0,0,0,0,0,0,0,0,0,0,0,0,0,0,1,0,0,0,0,0,0,0,0,0,0,0,0,0,0,0,0,0,0,0,0,0,0,0,0,0,0,0,0,0,0,0,0,0,0,0,0,0,0,86.307,05-10-2016,0,0,(a) Vice Presidents ,0,1,0,0,0,0,gavilan_ccd_05-10-2016_31
76,gavilan_ccd,(,1,0,0,0,ArialMT,14.694,0,0,0,1,0,0,0,0,0,0,0,0,0,0,0,0,0,0,0,0,0,1,0,0,0,0,0,0,0,0,0,0,0,0,0,0,0,0,0,0,0,0,0,0,0,0,0,0,0,0,0,0,0,0,0,0,0,0,0,0,86.307,05-10-2016,0,0,(b) College President ,0,1,0,0,0,0,gavilan_ccd_05-10-2016_32
77,gavilan_ccd,(,1,0,0,0,ArialMT,14.694,0,0,0,1,0,0,0,0,0,0,0,0,0,0,0,0,0,0,0,0,0,1,0,0,0,0,0,0,0,0,0,0,0,0,0,0,0,0,0,0,0,0,0,0,0,0,0,0,0,0,0,0,0,0,0,0,0,0,0,0,86.307,05-10-2016,0,0,(c)  Academic Senate ,0,1,0,0,0,0,gavilan_ccd_05-10-2016_33
78,gavilan_ccd,(,1,0,0,0,ArialMT,14.694,0,0,0,1,0,0,0,0,0,0,0,0,0,0,0,0,0,0,0,0,1,0,0,0,0,0,0,0,0,0,0,0,0,0,0,0,0,0,0,0,0,0,0,0,0,0,0,0,0,0,0,0,0,0,0,0,0,0,0,0,86.296,05-10-2016,0,0,(d) Professional Support Staff ,0,1,0,0,0,0,gavilan_ccd_05-10-2016_34
79,gavilan_ccd,(,1,0,0,0,ArialMT,14.694,0,0,0,1,0,0,0,0,0,0,0,0,0,0,0,0,0,0,0,1,0,0,0,0,0,0,0,0,0,0,0,0,0,0,0,0,0,0,0,0,0,0,0,0,0,0,0,0,0,0,0,0,0,0,0,0,0,0,0,0,86.285,05-10-2016,0,0,(e) Student Representative ,0,1,0,0,0,0,gavilan_ccd_05-10-2016_35
80,gavilan_ccd,(,1,0,0,0,ArialMT,14.694,0,0,0,1,0,0,0,0,0,0,0,0,0,0,0,0,0,0,0,1,0,0,0,0,0,0,0,0,0,0,0,0,0,0,0,0,0,0,0,0,0,0,0,0,0,0,0,0,0,0,0,0,0,0,0,0,0,0,0,0,86.285,05-10-2016,0,0,(f)  Board Member Comments ,0,1,0,0,0,0,gavilan_ccd_05-10-2016_36
81,gavilan_ccd,(,1,0,0,0,ArialMT,14.694,0,0,0,1,0,0,0,0,0,0,0,0,0,0,0,0,0,0,0,1,0,0,0,0,0,0,0,0,0,0,0,0,0,0,0,0,0,0,0,0,0,0,0,0,0,0,0,0,0,0,0,0,0,0,0,0,0,0,0,0,86.285,05-10-2016,0,0,(g) Board President ,0,1,0,0,0,0,gavilan_ccd_05-10-2016_37
82,gavilan_ccd,1,1,0,0,0,ArialMT,14.694,0,0,0,1,0,0,0,0,0,0,0,0,0,0,0,0,0,0,0,0,0,0,0,0,0,0,0,0,0,0,0,0,0,0,0,0,0,0,0,0,0,0,0,0,0,0,0,0,0,0,0,0,0,0,0,0,0,1,0,0,68.279,05-10-2016,1,0,10. Board Committee Reports,0,1,0,0,0,0,gavilan_ccd_05-10-2016_38
83,gavilan_ccd,1,1,0,0,0,ArialMT,14.694,0,0,0,1,0,0,0,0,0,0,0,0,0,0,0,0,0,0,0,0,0,0,0,0,0,0,0,0,0,0,0,0,0,0,0,0,0,0,0,0,0,0,0,0,0,0,0,0,0,0,0,0,0,0,0,0,0,1,0,0,68.279,05-10-2016,1,0,11. Information/Staff Reports,0,1,0,0,0,0,gavilan_ccd_05-10-2016_39
84,gavilan_ccd,(,1,0,0,0,ArialMT,14.694,0,0,0,1,0,0,0,0,0,0,0,0,0,0,0,0,0,0,1,0,0,0,0,0,0,0,0,0,0,0,0,0,0,0,0,0,0,0,0,0,0,0,0,0,0,0,0,0,0,0,0,0,0,0,0,0,0,0,0,0,86.274,05-10-2016,0,0,(a) Sabbatical Leave Report ,0,1,0,0,0,0,gavilan_ccd_05-10-2016_40
85,gavilan_ccd,(,1,0,0,0,ArialMT,14.694,0,0,0,1,0,0,0,0,0,0,0,0,0,0,0,0,0,0,1,0,0,0,0,0,0,0,0,0,0,0,0,0,0,0,0,0,0,0,0,0,0,0,0,0,0,0,0,0,0,0,0,0,0,0,0,0,0,0,0,0,86.274,05-10-2016,0,0,(b) Gavilan College Student Equity 2015-16 Carry-over Authority and 2015-16 Mid-year,0,1,0,0,0,0,gavilan_ccd_05-10-2016_41
86,gavilan_ccd,E,1,0,0,0,ArialMT,14.694,0,0,0,1,0,0,0,0,0,0,0,0,0,0,0,0,0,0,0,0,0,0,0,0,0,0,0,0,0,0,0,0,0,1,0,0,0,0,0,0,0,0,0,0,0,0,0,0,0,0,0,0,0,0,0,0,0,0,0,0,104.258,05-10-2016,0,0,Expenditures Report  ,0,0,1,0,0,0,gavilan_ccd_05-10-2016_42
87,gavilan_ccd,(,1,0,0,0,ArialMT,14.694,0,0,0,1,0,0,0,0,0,0,0,0,0,0,0,0,0,0,0,0,0,0,0,0,0,0,0,0,0,0,1,0,0,0,0,0,0,0,0,0,0,0,0,0,0,0,0,0,0,0,0,0,0,0,0,0,0,0,0,0,86.4,05-10-2016,0,0,(c)  Update on the TRIO Student Support Services Program and Mathematics Engineering ,0,1,0,0,0,0,gavilan_ccd_05-10-2016_43
88,gavilan_ccd,S,1,0,0,0,ArialMT,14.694,0,0,0,1,0,0,0,0,0,0,0,0,0,0,0,0,0,0,0,0,0,0,0,0,0,0,0,0,0,0,0,0,0,0,0,0,0,1,0,0,0,0,0,0,0,0,0,0,0,0,0,0,0,0,0,0,0,0,0,0,104.395,05-10-2016,0,0,Science Achievement Program (MESA) ,0,0,1,0,0,0,gavilan_ccd_05-10-2016_44
89,gavilan_ccd,(,1,0,0,0,ArialMT,14.694,0,0,0,1,0,0,0,0,0,0,0,0,0,0,0,0,0,0,0,0,0,0,0,0,0,0,0,0,0,0,1,0,0,0,0,0,0,0,0,0,0,0,0,0,0,0,0,0,0,0,0,0,0,0,0,0,0,0,0,0,86.4,05-10-2016,0,0,(d) Board Policies and Administrative Procedures  ,0,1,0,0,0,0,gavilan_ccd_05-10-2016_45
90,gavilan_ccd, ,1,0,0,0,ArialMT,14.694,0,0,0,1,0,0,0,0,0,0,0,0,0,0,0,0,0,0,0,0,0,0,0,0,0,0,0,0,0,0,1,0,0,0,0,0,0,0,0,0,0,0,0,0,0,0,0,0,0,0,0,0,0,0,0,0,0,0,0,0,86.4,05-10-2016,0,0, ,0,0,0,0,1,0,gavilan_ccd_05-10-2016_46
91,gavilan_ccd,I,1,0,0,0,ArialMT,14.694,0,0,0,1,0,0,0,0,0,0,0,0,0,0,0,0,0,0,0,0,0,0,0,1,0,0,0,0,0,0,0,0,0,0,0,0,0,0,0,0,0,0,0,0,0,0,0,0,0,0,0,0,0,0,0,0,0,0,0,0,50.4,05-10-2016,0,0,III.  ACTION ITEMS ,1,0,0,0,0,1,gavilan_ccd_05-10-2016_47
92,gavilan_ccd,1,1,0,0,0,ArialMT,14.694,0,0,0,1,0,0,0,0,0,0,0,0,0,0,1,0,0,0,0,0,0,0,0,0,0,0,0,0,0,0,0,0,0,0,0,0,0,0,0,0,0,0,0,0,0,0,0,0,0,0,0,0,0,0,0,0,0,0,0,0,68.4,05-10-2016,1,0,1.  Old Business,0,1,0,0,0,0,gavilan_ccd_05-10-2016_48
93,gavilan_ccd,*,1,0,0,0,ArialMT,14.694,0,0,0,1,0,0,0,0,0,0,0,0,0,0,1,0,0,0,0,0,0,0,0,0,0,0,0,0,0,0,0,0,0,0,0,0,0,0,0,0,0,0,0,0,0,0,0,0,0,0,0,0,0,0,0,0,0,0,0,0,68.4,05-10-2016,0,0,**   (a) Resolution No.1004 Approving Minor Modifications to Trustee Areas Requested by the,0,1,0,0,0,0,gavilan_ccd_05-10-2016_49
94,gavilan_ccd,S,1,0,0,0,ArialMT,14.694,0,0,0,1,0,0,0,0,0,0,0,0,0,0,0,0,0,0,0,0,0,0,0,0,0,0,0,0,0,0,0,0,0,0,0,0,0,0,1,0,0,0,0,0,0,0,0,0,0,0,0,0,0,0,0,0,0,0,0,0,104.401,05-10-2016,0,0,Santa Clara County Registrar of Voters ,0,0,1,0,0,0,gavilan_ccd_05-10-2016_50
95,gavilan_ccd,(,1,0,0,0,ArialMT,14.694,0,0,0,1,0,0,0,0,0,0,0,0,0,0,0,0,0,0,0,0,0,0,0,0,0,0,0,0,0,0,0,1,0,0,0,0,0,0,0,0,0,0,0,0,0,0,0,0,0,0,0,0,0,0,0,0,0,0,0,0,86.406,05-10-2016,0,0,(b) Issue a Request for Bids for Sworn Police Officer Services  ,0,1,0,0,0,0,gavilan_ccd_05-10-2016_51
96,gavilan_ccd, ,1,0,0,0,ArialMT,14.694,0,0,0,1,0,0,0,0,0,0,0,0,0,0,0,0,0,0,0,0,0,0,0,0,0,0,0,0,0,0,0,0,0,0,0,0,0,0,0,1,0,0,0,0,0,0,0,0,0,0,0,0,0,0,0,0,0,0,0,0,104.412,05-10-2016,0,0, ,0,0,0,0,1,0,gavilan_ccd_05-10-2016_52
97,gavilan_ccd,2,1,0,0,0,ArialMT,14.694,0,0,0,1,0,0,0,0,0,0,0,0,0,0,1,0,0,0,0,0,0,0,0,0,0,0,0,0,0,0,0,0,0,0,0,0,0,0,0,0,0,0,0,0,0,0,0,0,0,0,0,0,0,0,0,0,0,0,0,0,68.4,05-10-2016,1,0,2.  New Business,0,1,0,0,0,0,gavilan_ccd_05-10-2016_0
98,gavilan_ccd,*,1,0,0,0,ArialMT,14.694,0,0,0,1,0,0,0,0,0,0,0,0,0,1,0,0,0,0,0,0,0,0,0,0,0,0,0,0,0,0,0,0,0,0,0,0,0,0,0,0,0,0,0,0,0,0,0,0,0,0,0,0,0,0,0,0,0,0,0,0,68.389,05-10-2016,0,0,**   (a) Approval to Certify the Appointment of a Representative to Joint Powers Authority for Liability ,0,1,0,0,0,0,gavilan_ccd_05-10-2016_1
99,gavilan_ccd,a,1,0,0,0,ArialMT,14.694,0,0,0,1,0,0,0,0,0,0,0,0,0,0,0,0,0,0,0,0,0,0,0,0,0,0,0,0,0,0,0,0,0,0,0,0,1,0,0,0,0,0,0,0,0,0,0,0,0,0,0,0,0,0,0,0,0,0,0,0,104.39,05-10-2016,0,0,"and Property Protection, Resolution No. 1005",0,0,1,0,0,0,gavilan_ccd_05-10-2016_2
100,gavilan_ccd,*,1,0,0,0,ArialMT,14.694,0,0,0,1,0,0,0,0,0,0,0,0,0,1,0,0,0,0,0,0,0,0,0,0,0,0,0,0,0,0,0,0,0,0,0,0,0,0,0,0,0,0,0,0,0,0,0,0,0,0,0,0,0,0,0,0,0,0,0,0,68.389,05-10-2016,0,0,"**   (b) Order of Election, Specifications of the Election Order and Consolidation Request, ",0,1,0,0,0,0,gavilan_ccd_05-10-2016_3
101,gavilan_ccd,R,1,0,0,0,ArialMT,14.694,0,0,0,1,0,0,0,0,0,0,0,0,0,0,0,0,0,0,0,0,0,0,0,0,0,0,0,0,0,0,0,0,0,0,0,0,1,0,0,0,0,0,0,0,0,0,0,0,0,0,0,0,0,0,0,0,0,0,0,0,104.39,05-10-2016,0,0,Resolution No. 1006,0,0,1,0,0,0,gavilan_ccd_05-10-2016_4
102,gavilan_ccd,(,1,0,0,0,ArialMT,14.694,0,0,0,1,0,0,0,0,0,0,0,0,0,0,0,0,0,0,0,0,0,0,0,0,0,0,0,0,0,1,0,0,0,0,0,0,0,0,0,0,0,0,0,0,0,0,0,0,0,0,0,0,0,0,0,0,0,0,0,0,86.395,05-10-2016,0,0,(c)  Instructional Material Fees ,0,1,0,0,0,0,gavilan_ccd_05-10-2016_5
103,gavilan_ccd,(,1,0,0,0,ArialMT,14.694,0,0,0,1,0,0,0,0,0,0,0,0,0,0,0,0,0,0,0,0,0,0,0,0,0,0,0,0,0,1,0,0,0,0,0,0,0,0,0,0,0,0,0,0,0,0,0,0,0,0,0,0,0,0,0,0,0,0,0,0,86.395,05-10-2016,0,0,(d) Student Trustee Rights and Responsibilities ,0,1,0,0,0,0,gavilan_ccd_05-10-2016_6
104,gavilan_ccd,(,1,0,0,0,ArialMT,14.694,0,0,0,1,0,0,0,0,0,0,0,0,0,0,0,0,0,0,0,0,0,0,0,0,0,0,0,0,1,0,0,0,0,0,0,0,0,0,0,0,0,0,0,0,0,0,0,0,0,0,0,0,0,0,0,0,0,0,0,0,86.384,05-10-2016,0,0,"(e) Quarterly Financial Status Report, CCFS 311Q at March 31, 2016",0,1,0,0,0,0,gavilan_ccd_05-10-2016_7
105,gavilan_ccd,(,1,0,0,0,ArialMT,14.694,0,0,0,1,0,0,0,0,0,0,0,0,0,0,0,0,0,0,0,0,0,0,0,0,0,0,0,0,1,0,0,0,0,0,0,0,0,0,0,0,0,0,0,0,0,0,0,0,0,0,0,0,0,0,0,0,0,0,0,0,86.384,05-10-2016,0,0,(f)  Accept Bid for the Coyote Valley Off-Site Improvements Package  ,0,1,0,0,0,0,gavilan_ccd_05-10-2016_8
106,gavilan_ccd,(,1,0,0,0,ArialMT,14.694,0,0,0,1,0,0,0,0,0,0,0,0,0,0,0,0,0,0,0,0,0,0,0,0,0,0,0,1,0,0,0,0,0,0,0,0,0,0,0,0,0,0,0,0,0,0,0,0,0,0,0,0,0,0,0,0,0,0,0,0,86.373,05-10-2016,0,0,(g) Gilbane Building Company Project Assignment Amendment for the STEM Meadow ,0,1,0,0,0,0,gavilan_ccd_05-10-2016_9
107,gavilan_ccd,R,1,0,0,0,ArialMT,14.694,0,0,0,1,0,0,0,0,0,0,0,0,0,0,0,0,0,0,0,0,0,0,0,0,0,0,0,0,0,0,0,0,0,0,0,1,0,0,0,0,0,0,0,0,0,0,0,0,0,0,0,0,0,0,0,0,0,0,0,0,104.368,05-10-2016,0,0,Restoration Project  ,0,0,1,0,0,0,gavilan_ccd_05-10-2016_10
108,gavilan_ccd,(,1,0,0,0,ArialMT,14.694,0,0,0,1,0,0,0,0,0,0,0,0,0,0,0,0,0,0,0,0,0,0,0,0,0,0,0,1,0,0,0,0,0,0,0,0,0,0,0,0,0,0,0,0,0,0,0,0,0,0,0,0,0,0,0,0,0,0,0,0,86.373,05-10-2016,0,0,(h) Curriculum ,0,1,0,0,0,0,gavilan_ccd_05-10-2016_11
109,gavilan_ccd, ,1,0,0,0,ArialMT,14.694,0,0,0,1,0,0,0,0,0,0,0,0,0,0,0,0,0,0,0,0,0,0,0,0,0,0,0,0,0,0,0,0,0,0,0,1,0,0,0,0,0,0,0,0,0,0,0,0,0,0,0,0,0,0,0,0,0,0,0,0,104.368,05-10-2016,0,0, ,0,0,0,0,1,0,gavilan_ccd_05-10-2016_12
110,gavilan_ccd,I,1,0,0,0,ArialMT,14.694,0,0,0,1,0,0,0,0,0,0,0,0,0,0,0,0,0,0,0,0,0,0,0,1,0,0,0,0,0,0,0,0,0,0,0,0,0,0,0,0,0,0,0,0,0,0,0,0,0,0,0,0,0,0,0,0,0,0,0,0,50.4,05-10-2016,0,0,IV. CLOSING ITEMS ,1,0,0,0,0,1,gavilan_ccd_05-10-2016_13
111,gavilan_ccd,1,1,0,0,0,ArialMT,14.694,0,0,0,1,0,0,0,0,0,0,0,0,0,0,1,0,0,0,0,0,0,0,0,0,0,0,0,0,0,0,0,0,0,0,0,0,0,0,0,0,0,0,0,0,0,0,0,0,0,0,0,0,0,0,0,0,0,0,0,0,68.4,05-10-2016,1,0,"1.  The next regularly scheduled Board meeting is June 14, 2016 Gavilan College,",0,1,0,0,0,0,gavilan_ccd_05-10-2016_14
112,gavilan_ccd,S,0,0,1,0,Arial-BoldMT,15.39,0,0,1,0,0,0,0,0,0,0,0,0,0,0,0,0,0,0,0,0,0,0,0,0,0,0,0,0,0,0,1,0,0,0,0,0,0,0,0,0,0,0,0,0,0,0,0,0,0,0,0,0,0,0,0,0,0,0,0,0,86.4,05-10-2016,0,0,Social Science room 206.,0,0,1,0,0,0,gavilan_ccd_05-10-2016_15
113,gavilan_ccd,2,1,0,0,0,ArialMT,14.694,0,0,0,1,0,0,0,0,0,0,0,0,0,0,1,0,0,0,0,0,0,0,0,0,0,0,0,0,0,0,0,0,0,0,0,0,0,0,0,0,0,0,0,0,0,0,0,0,0,0,0,0,0,0,0,0,0,0,0,0,68.4,05-10-2016,1,0,2.  Adjournment,0,1,0,0,0,0,gavilan_ccd_05-10-2016_16
114,gavilan_ccd, ,1,0,0,0,ArialMT,14.694,0,0,0,1,0,0,0,0,0,0,0,0,0,0,0,0,0,0,0,0,0,0,0,0,0,0,0,0,0,1,0,0,0,0,0,0,0,0,0,0,0,0,0,0,0,0,0,0,0,0,0,0,0,0,0,0,0,0,0,0,86.395,05-10-2016,0,0, ,0,0,0,0,1,0,gavilan_ccd_05-10-2016_17
115,gavilan_ccd,*,1,0,0,0,ArialMT,13.257,0,0,0,0,1,0,0,0,0,0,0,0,0,0,0,0,0,0,0,0,0,0,0,1,0,0,0,0,0,0,0,0,0,0,0,0,0,0,0,0,0,0,0,0,0,0,0,0,0,0,0,0,0,0,0,0,0,0,0,0,50.4,05-10-2016,0,0,* Roll Call Vote ,0,0,0,0,1,0,gavilan_ccd_05-10-2016_18
116,gavilan_ccd, ,0,1,0,0,TimesNewRomanPSMT,11.826,0,0,0,0,0,0,1,0,0,0,0,0,0,0,0,0,0,0,0,0,0,0,0,1,0,0,0,0,0,0,0,0,0,0,0,0,0,0,0,0,0,0,0,0,0,0,0,0,0,0,0,0,0,0,0,0,0,0,0,0,50.4,05-10-2016,0,0, ,0,0,0,0,1,0,gavilan_ccd_05-10-2016_19
117,gavilan_ccd,G,0,1,0,0,TimesNewRomanPSMT,11.826,0,0,0,0,0,0,1,0,0,0,0,0,0,0,0,0,0,0,0,0,0,0,0,0,0,0,0,0,0,0,0,0,0,0,0,0,0,0,0,0,0,0,0,0,0,0,0,0,0,1,0,0,0,0,0,0,0,0,0,0,246.96,05-10-2016,0,0,GAVILAN COLLEGE MISSION ,1,0,0,0,1,0,gavilan_ccd_05-10-2016_20
118,gavilan_ccd, ,0,1,0,0,TimesNewRomanPSMT,6.623,0,0,0,0,0,0,0,0,0,1,0,0,0,0,0,0,0,0,0,0,0,0,0,0,0,0,0,0,0,0,0,0,0,0,0,0,0,0,0,0,0,0,0,0,0,0,0,0,0,0,0,0,0,0,1,0,0,0,0,0,308.64,05-10-2016,0,0, ,0,0,0,0,1,0,gavilan_ccd_05-10-2016_21
119,gavilan_ccd,G,0,1,0,0,TimesNewRomanPSMT,11.826,0,0,0,0,0,0,1,0,0,0,0,0,0,0,0,0,0,0,0,0,0,0,0,0,0,0,0,0,0,0,0,0,0,0,0,0,0,0,0,0,0,0,0,0,0,0,0,0,0,0,0,0,0,0,0,0,1,0,0,0,62.88,05-10-2016,0,0,Gavilan College cultivates learning and personal growth in students of all backgrounds and abilities through innovative practices in both ,0,0,0,0,1,0,gavilan_ccd_05-10-2016_22
120,gavilan_ccd,t,0,1,0,0,TimesNewRomanPSMT,11.826,0,0,0,0,0,0,1,0,0,0,0,0,0,0,0,0,0,0,0,0,0,0,0,0,0,0,0,0,0,0,0,0,0,0,0,0,0,0,0,0,0,0,0,0,0,0,0,0,0,0,0,0,0,0,0,1,0,0,0,0,61.08,05-10-2016,0,0,"traditional and emerging learning environments; transfer pathways, career and technical education, developmental education, and support ",0,0,0,0,1,0,gavilan_ccd_05-10-2016_23
121,gavilan_ccd,s,0,1,0,0,TimesNewRomanPSMT,11.826,0,0,0,0,0,0,1,0,0,0,0,0,0,0,0,0,0,0,0,0,0,0,0,0,0,0,0,0,0,0,0,0,0,0,0,0,0,0,0,0,0,0,0,0,1,0,0,0,0,0,0,0,0,0,0,0,0,0,0,0,173.634,05-10-2016,0,0,services prepare students for success in a dynamic and multicultural world. ,0,0,0,0,1,0,gavilan_ccd_05-10-2016_24
122,gavilan_ccd, ,1,0,0,0,ArialMT,10.701,0,0,0,0,0,0,0,1,0,0,0,0,0,0,0,0,0,0,0,0,0,0,0,0,0,0,0,0,0,0,1,0,0,0,0,0,0,0,0,0,0,0,0,0,0,0,0,0,0,0,0,0,0,0,0,0,0,0,0,0,86.4,05-10-2016,0,0, ,0,0,0,0,1,0,gavilan_ccd_05-10-2016_25
123,gavilan_ccd,P,1,0,0,0,ArialMT,10.701,0,0,0,0,0,0,0,1,0,0,0,0,1,0,0,0,0,0,0,0,0,0,0,0,0,0,0,0,0,0,0,0,0,0,0,0,0,0,0,0,0,0,0,0,0,0,0,0,0,0,0,0,0,0,0,0,0,0,0,0,50.397,05-10-2016,0,0,PUBLIC COMMENTS – Individuals wishing to address the Board on a non-agenda item may do so during the Comments from the Public.  ,0,0,0,0,1,0,gavilan_ccd_05-10-2016_26
124,gavilan_ccd,H,1,0,0,0,ArialMT,10.701,0,0,0,0,0,0,0,1,0,0,0,0,1,0,0,0,0,0,0,0,0,0,0,0,0,0,0,0,0,0,0,0,0,0,0,0,0,0,0,0,0,0,0,0,0,0,0,0,0,0,0,0,0,0,0,0,0,0,0,0,50.397,05-10-2016,0,0,"However, no action may be taken on an item, which is not on the agenda.  The public is welcomed to address the Board on particular agenda ",0,0,0,0,1,0,gavilan_ccd_05-10-2016_27
125,gavilan_ccd,i,1,0,0,0,ArialMT,10.701,0,0,0,0,0,0,0,1,0,0,0,0,1,0,0,0,0,0,0,0,0,0,0,0,0,0,0,0,0,0,0,0,0,0,0,0,0,0,0,0,0,0,0,0,0,0,0,0,0,0,0,0,0,0,0,0,0,0,0,0,50.397,05-10-2016,0,0,items and may do so at the time it is presented.  Guidelines for Comments from the Public will be as follows: ,0,0,0,0,1,0,gavilan_ccd_05-10-2016_28
126,gavilan_ccd, ,1,0,0,0,ArialMT,6.708,0,0,0,0,0,0,0,0,1,0,0,0,0,0,0,0,0,0,0,0,0,0,0,1,0,0,0,0,0,0,0,0,0,0,0,0,0,0,0,0,0,0,0,0,0,0,0,0,0,0,0,0,0,0,0,0,0,0,0,0,50.4,05-10-2016,0,0, ,0,0,0,0,1,0,gavilan_ccd_05-10-2016_29
127,gavilan_ccd,A,1,0,0,0,ArialMT,10.701,0,0,0,0,0,0,0,1,0,0,0,0,0,0,0,0,1,0,0,0,0,0,0,0,0,0,0,0,0,0,0,0,0,0,0,0,0,0,0,0,0,0,0,0,0,0,0,0,0,0,0,0,0,0,0,0,0,0,0,0,77.4,05-10-2016,0,0,A maximum of 3 minutes will be allotted to each speaker with a maximum of 20 minutes to a subject area.,0,0,0,0,1,0,gavilan_ccd_05-10-2016_30
128,gavilan_ccd,N,1,0,0,0,ArialMT,10.701,0,0,0,0,0,0,0,1,0,0,0,0,0,0,0,0,1,0,0,0,0,0,0,0,0,0,0,0,0,0,0,0,0,0,0,0,0,0,0,0,0,0,0,0,0,0,0,0,0,0,0,0,0,0,0,0,0,0,0,0,77.4,05-10-2016,0,0,No disruptive conduct will be permitted at any Gavilan College Board of Trustees meeting. ,0,0,0,0,1,0,gavilan_ccd_05-10-2016_31
129,gavilan_ccd, ,1,0,0,0,ArialMT,10.701,0,0,0,0,0,0,0,1,0,0,0,0,0,0,0,0,1,0,0,0,0,0,0,0,0,0,0,0,0,0,0,0,0,0,0,0,0,0,0,0,0,0,0,0,0,0,0,0,0,0,0,0,0,0,0,0,0,0,0,0,77.4,05-10-2016,0,0, ,0,0,0,0,1,0,gavilan_ccd_05-10-2016_32
130,gavilan_ccd,A,1,0,0,0,ArialMT,10.701,0,0,0,0,0,0,0,1,0,0,0,0,0,0,0,0,0,0,0,0,0,0,0,0,0,0,0,0,0,0,0,0,0,0,1,0,0,0,0,0,0,0,0,0,0,0,0,0,0,0,0,0,0,0,0,0,0,0,0,0,50.402,05-10-2016,0,0,AGENDA ITEMS – Individuals wishing to have an item appear on the agenda must submit the request in writing to the Superintendent/President ,0,0,0,0,1,0,gavilan_ccd_05-10-2016_33
131,gavilan_ccd,t,1,0,0,0,ArialMT,10.701,0,0,0,0,0,0,0,1,0,0,0,0,0,0,0,0,0,0,0,0,0,0,0,0,0,0,0,0,0,0,0,0,0,0,1,0,0,0,0,0,0,0,0,0,0,0,0,0,0,0,0,0,0,0,0,0,0,0,0,0,50.402,05-10-2016,0,0,two weeks prior to the regularly scheduled meeting.  The Board President and Superintendent/President will determine what items will be included ,0,0,0,0,1,0,gavilan_ccd_05-10-2016_34
132,gavilan_ccd,i,1,0,0,0,ArialMT,10.701,0,0,0,0,0,0,0,1,0,0,0,0,0,0,0,0,0,0,0,0,0,0,0,0,0,0,0,0,0,0,0,0,0,0,1,0,0,0,0,0,0,0,0,0,0,0,0,0,0,0,0,0,0,0,0,0,0,0,0,0,50.402,05-10-2016,0,0,in the agendas.  Regular meetings are held the second Tuesday of each month. ,0,0,0,0,1,0,gavilan_ccd_05-10-2016_35
133,gavilan_ccd, ,1,0,0,0,ArialMT,10.701,0,0,0,0,0,0,0,1,0,0,0,0,0,0,0,0,0,0,0,0,0,0,0,0,0,0,0,0,0,0,0,0,0,0,1,0,0,0,0,0,0,0,0,0,0,0,0,0,0,0,0,0,0,0,0,0,0,0,0,0,50.402,05-10-2016,0,0, ,0,0,0,0,1,0,gavilan_ccd_05-10-2016_36
134,gavilan_ccd,I,1,0,0,0,ArialMT,10.701,0,0,0,0,0,0,0,1,0,0,0,0,0,0,0,0,0,0,0,0,0,0,0,0,0,0,0,0,0,0,0,0,0,0,1,0,0,0,0,0,0,0,0,0,0,0,0,0,0,0,0,0,0,0,0,0,0,0,0,0,50.402,05-10-2016,0,0,Items listed under the Consent Agenda are considered to be routine and are acted on by the Board of Trustees as one motion.  There is no ,0,0,0,0,1,0,gavilan_ccd_05-10-2016_37
135,gavilan_ccd,d,1,0,0,0,ArialMT,10.701,0,0,0,0,0,0,0,1,0,0,0,0,0,0,0,0,0,0,0,0,0,0,0,0,0,0,0,0,0,0,0,0,0,0,1,0,0,0,0,0,0,0,0,0,0,0,0,0,0,0,0,0,0,0,0,0,0,0,0,0,50.402,05-10-2016,0,0,"discussion of these items prior to Board vote unless a member of the Board, staff, or public requests that specific items be discussed and/or ",0,0,0,0,1,0,gavilan_ccd_05-10-2016_38
136,gavilan_ccd,r,1,0,0,0,ArialMT,10.701,0,0,0,0,0,0,0,1,0,0,0,0,0,0,0,0,0,0,0,0,0,0,0,0,0,0,0,0,0,0,0,0,0,0,1,0,0,0,0,0,0,0,0,0,0,0,0,0,0,0,0,0,0,0,0,0,0,0,0,0,50.402,05-10-2016,0,0,removed from the Consent Agenda.  It is understood that the Administration recommends approval on all consent items.  Each item on the ,0,0,0,0,1,0,gavilan_ccd_05-10-2016_39
137,gavilan_ccd,C,1,0,0,0,ArialMT,10.701,0,0,0,0,0,0,0,1,0,0,0,0,0,0,0,0,0,0,0,0,0,0,0,0,0,0,0,0,0,0,0,0,0,0,1,0,0,0,0,0,0,0,0,0,0,0,0,0,0,0,0,0,0,0,0,0,0,0,0,0,50.402,05-10-2016,0,0,Consent Agenda approved by the Board of Trustees shall be deemed to have been considered in full and adopted as recommended. ,0,0,0,0,1,0,gavilan_ccd_05-10-2016_40
138,gavilan_ccd, ,0,0,0,1,Arial-ItalicMT,11.907,0,0,0,0,0,1,0,0,0,0,0,0,0,0,0,0,0,0,0,0,0,0,0,1,0,0,0,0,0,0,0,0,0,0,0,0,0,0,0,0,0,0,0,0,0,0,0,0,0,0,0,0,0,0,0,0,0,0,0,0,50.4,05-10-2016,0,0, ,0,0,0,0,1,0,gavilan_ccd_05-10-2016_41
139,gavilan_ccd,I,1,0,0,0,ArialMT,10.701,0,0,0,0,0,0,0,1,0,0,0,0,0,0,0,0,0,0,0,0,0,0,0,1,0,0,0,0,0,0,0,0,0,0,0,0,0,0,0,0,0,0,0,0,0,0,0,0,0,0,0,0,0,0,0,0,0,0,0,0,50.4,05-10-2016,0,0,"In compliance with the Americans with Disabilities Act, if you need special assistance to access the Board meeting room or to otherwise ",0,0,0,0,1,0,gavilan_ccd_05-10-2016_42
140,gavilan_ccd,p,1,0,0,0,ArialMT,10.701,0,0,0,0,0,0,0,1,0,0,0,0,0,0,0,0,0,0,0,0,0,0,0,1,0,0,0,0,0,0,0,0,0,0,0,0,0,0,0,0,0,0,0,0,0,0,0,0,0,0,0,0,0,0,0,0,0,0,0,0,50.4,05-10-2016,0,0,"participate at this meeting, including auxiliary aids or services, please contact Nancy Bailey at 408-848-4711.  Notification at least 48 hours prior",0,0,0,0,1,0,gavilan_ccd_05-10-2016_43
141,gavilan_ccd,t,1,0,0,0,ArialMT,10.701,0,0,0,0,0,0,0,1,0,0,0,0,0,0,0,0,0,0,0,0,0,0,0,0,0,0,0,0,0,0,0,0,0,0,0,0,0,0,0,0,0,0,0,0,0,1,0,0,0,0,0,0,0,0,0,0,0,0,0,0,50.408,05-10-2016,0,0,to the meeting will enable the District to make reasonable arrangements to ensure accessibility to the Board meeting. ,0,0,0,0,1,0,gavilan_ccd_05-10-2016_44
142,gavilan_ccd,-,1,0,0,0,ArialMT,10.701,0,0,0,0,0,0,0,1,0,0,0,0,0,0,0,0,0,0,0,0,0,0,0,0,0,0,0,0,0,0,0,0,0,0,0,0,0,0,0,0,0,0,0,0,0,0,1,0,0,0,0,0,0,0,0,0,0,0,0,0,182.168,05-10-2016,0,0,----------------------------------------------------------------------------------------------- ,0,0,0,0,1,0,gavilan_ccd_05-10-2016_45
143,gavilan_ccd,P,1,0,0,0,ArialMT,10.701,0,0,0,0,0,0,0,1,0,0,0,0,0,0,0,0,0,0,0,0,0,0,0,0,0,0,0,0,0,0,0,0,0,0,0,0,0,0,0,0,1,0,0,0,0,0,0,0,0,0,0,0,0,0,0,0,0,0,0,0,149.413,05-10-2016,0,0,Please help keep Gavilan College a litter-free campus and preserve its park-like setting.  Thank you. ,0,0,0,0,1,0,gavilan_ccd_05-10-2016_46
144,gavilan_ccd,h,1,0,0,0,ArialMT,10.701,0,0,0,0,0,0,0,1,0,0,0,0,0,0,0,0,0,0,0,0,0,0,0,0,0,0,0,0,0,0,0,0,0,0,0,0,0,0,0,0,0,0,0,0,0,0,0,0,0,0,0,0,1,0,0,0,0,0,0,0,268.453,05-10-2016,0,0,http://www.gavilan.edu ,0,0,0,0,1,0,gavilan_ccd_05-10-2016_47